Product_ID,Product_Name,Category,Brand,Supplier,Cost,Price,Margin,Stock,SKU,Rating,Reviews,Weight_kg,Dimensions,Last_Restock,Discontinued
PROD0000,Total grid-enabled monitoring,Electronics,Cruz-Zamora,"Richardson, Salazar and Cruz",357.04,755.43,52.7,636,SKU11338,1.2,2612,6.58,31x67x35cm,2025-12-30,No
PROD0001,Upgradable explicit archive,Home,"Torres, Moreno and Huffman","Day, Willis and Logan",340.54,840.6,59.5,546,SKU39066,4.9,2616,4.78,88x85x33cm,2025-08-08,No
PROD0002,Innovative intermediate Graphic Interface,Sports,Martinez and Sons,Blackwell-Johnson,458.15,1081.14,57.6,621,SKU13240,3.7,1858,16.24,43x47x32cm,2025-12-06,No
PROD0003,Robust intangible initiative,Sports,"Murphy, Cole and Lopez",Myers-Shields,165.92,329.75,49.7,568,SKU38463,2.2,3631,3.45,13x75x44cm,2025-11-22,No
PROD0004,Fundamental solution-oriented capability,Home,"Cook, Carter and Murphy","Murphy, Weiss and Hahn",370.63,747.14,50.4,222,SKU50243,2.0,1906,19.49,46x16x7cm,2026-01-16,No
PROD0005,Re-contextualized methodical initiative,Sports,Greene-Ferguson,Meza-Brooks,213.03,503.39,57.7,309,SKU76751,1.8,2675,1.4,44x46x38cm,2025-11-07,No
PROD0006,Down-sized real-time focus group,Home,Silva-Jones,Haney and Sons,416.69,728.9,42.8,30,SKU71208,1.2,4708,10.94,79x42x22cm,2025-11-09,No
PROD0007,Business-focused national firmware,Sports,Smith-Wood,Jenkins-Cordova,475.86,946.7,49.7,744,SKU32612,4.2,2349,16.61,22x49x5cm,2025-12-15,No
PROD0008,Multi-channeled intermediate synergy,Sports,Eaton-Marsh,Roach Ltd,448.21,773.01,42.0,556,SKU93606,4.8,2144,1.88,78x92x36cm,2025-08-15,No
PROD0009,Balanced hybrid ability,Clothing,Brown and Sons,"Owens, Heath and Wheeler",408.4,737.71,44.6,645,SKU37153,3.3,3520,6.07,44x37x38cm,2025-09-15,No
PROD0010,Vision-oriented optimal definition,Clothing,Farmer Inc,Middleton-Mccullough,131.54,161.61,18.6,395,SKU13681,2.6,2804,6.29,88x70x9cm,2025-07-24,No
PROD0011,Configurable analyzing knowledgebase,Electronics,Andrade and Sons,Mcmillan-Miller,64.13,80.46,20.3,912,SKU42607,1.5,98,14.37,28x58x20cm,2025-12-22,No
PROD0012,Exclusive homogeneous core,Books,Williams Group,Sanchez and Sons,219.23,336.32,34.8,442,SKU24531,2.2,2826,18.5,29x40x12cm,2025-08-18,No
PROD0013,Fully-configurable 3rdgeneration alliance,Sports,"Hale, Mercado and Jensen","Nelson, Nelson and Stephens",451.38,960.77,53.0,516,SKU60745,4.7,3903,10.21,69x39x8cm,2026-01-03,No
PROD0014,Profound executive moderator,Electronics,"Moss, Melton and Pruitt",Smith Ltd,287.83,480.75,40.1,986,SKU45147,2.2,1074,7.67,81x26x9cm,2025-08-23,No
PROD0015,Robust tangible service-desk,Books,"Silva, Ward and Martin",Wilson PLC,91.64,203.32,54.9,471,SKU41146,4.3,333,16.97,61x40x26cm,2025-11-03,No
PROD0016,Versatile actuating methodology,Clothing,"Stokes, Diaz and Oneill",Bryan Ltd,224.68,284.14,20.9,770,SKU11697,2.6,1123,19.58,27x47x12cm,2025-12-08,No
PROD0017,Devolved 24/7 Graphical User Interface,Sports,"Morrison, Simmons and Mcdaniel",Green-Kelly,103.38,254.84,59.4,281,SKU81566,3.6,4022,10.85,88x68x16cm,2025-09-05,No
PROD0018,Multi-channeled coherent archive,Sports,"Morales, Oneal and Jones",Woods-Porter,269.29,664.75,59.5,70,SKU90088,1.7,3041,15.08,12x65x10cm,2025-08-12,No
PROD0019,Polarized eco-centric time-frame,Books,"Mcconnell, Patton and Campbell",Jacobs LLC,103.91,160.43,35.2,117,SKU87699,3.2,1176,6.85,40x63x21cm,2025-07-30,No
PROD0020,Persevering 6thgeneration access,Home,Dodson PLC,"Nolan, Morales and Chapman",238.94,306.04,21.9,129,SKU74066,2.2,2487,1.98,42x63x10cm,2025-09-01,No
PROD0021,Progressive maximized website,Sports,"Green, Gallegos and Thompson","Ford, Brooks and Williams",188.04,303.3,38.0,969,SKU57032,2.3,4408,0.55,42x46x24cm,2025-08-09,No
PROD0022,Stand-alone motivating knowledge user,Clothing,Romero-Rivera,"Harris, Ramirez and Howell",257.98,603.06,57.2,866,SKU91710,1.8,3055,16.79,99x18x44cm,2025-08-11,No
PROD0023,Digitized national project,Home,Crawford-Salas,Hawkins-Simmons,272.93,486.59,43.9,645,SKU88489,3.6,2481,6.33,73x40x43cm,2025-11-13,No
PROD0024,Integrated tertiary capability,Clothing,Wallace-Johnson,Graves-Frank,167.6,356.6,53.0,377,SKU48238,3.8,1529,9.5,66x77x39cm,2025-08-17,No
PROD0025,Open-source empowering architecture,Books,Smith-Christensen,Valencia PLC,489.83,917.49,46.6,925,SKU33531,1.9,1697,11.2,79x45x43cm,2025-12-30,No
PROD0026,Triple-buffered high-level conglomeration,Sports,"Taylor, James and Davis","Simpson, Smith and Fischer",42.3,92.67,54.4,952,SKU75883,1.5,4158,18.81,70x75x12cm,2025-11-18,No
PROD0027,Synchronized disintermediate policy,Clothing,Webster Group,Ramos Group,460.47,699.31,34.2,90,SKU28415,2.9,2735,5.44,24x66x20cm,2026-01-03,No
PROD0028,Enterprise-wide motivating matrix,Home,Copeland-Hunt,Sherman-Palmer,400.58,755.59,47.0,637,SKU40015,3.5,4399,6.89,33x63x45cm,2025-09-13,No
PROD0029,Visionary analyzing middleware,Books,Baldwin-Pope,"Hernandez, Blevins and Ewing",262.13,355.58,26.3,244,SKU88241,3.3,1365,1.91,26x36x5cm,2025-08-31,No
PROD0030,Sharable foreground throughput,Electronics,"Rosario, Humphrey and Reed",Jackson LLC,202.8,251.21,19.3,629,SKU42509,3.5,507,11.48,73x35x15cm,2026-01-13,No
PROD0031,Reverse-engineered impactful help-desk,Clothing,"Horn, Keller and Carter","Ferguson, Schneider and Poole",491.05,1004.01,51.1,281,SKU63831,4.1,4196,0.56,19x71x38cm,2025-09-21,No
PROD0032,Implemented 24/7 array,Books,Pierce and Sons,Soto Group,182.22,311.01,41.4,559,SKU50675,4.0,2957,15.51,60x87x20cm,2025-08-15,No
PROD0033,Triple-buffered bottom-line budgetary management,Books,"Armstrong, Ferguson and Smith",Rowe-Price,391.43,897.49,56.4,428,SKU55365,2.9,853,16.38,76x60x23cm,2025-11-16,No
PROD0034,Team-oriented analyzing focus group,Clothing,"Hernandez, Washington and Daugherty",Barker LLC,208.66,494.98,57.8,349,SKU58787,4.4,1367,19.08,80x96x43cm,2025-10-15,No
PROD0035,Diverse system-worthy initiative,Home,Ramirez PLC,"Wright, Torres and Salazar",335.34,658.47,49.1,948,SKU55427,4.7,4296,17.45,100x57x35cm,2025-11-29,No
PROD0036,Compatible logistical knowledge user,Books,Wood and Sons,Daniel PLC,176.96,432.38,59.1,509,SKU95605,1.5,1991,18.85,49x46x16cm,2025-10-19,No
PROD0037,Operative context-sensitive policy,Books,Lee LLC,Young-Garcia,219.24,348.19,37.0,692,SKU38765,4.0,2354,10.24,33x51x20cm,2025-08-06,No
PROD0038,Extended full-range service-desk,Sports,Stewart-Long,"Lucas, Chavez and Hill",59.93,80.61,25.7,599,SKU37405,1.6,371,3.37,88x10x42cm,2025-12-10,No
PROD0039,Networked cohesive implementation,Sports,Graham-Aguilar,Hall-Pacheco,14.98,22.81,34.3,621,SKU85819,1.4,3829,7.33,47x33x28cm,2025-08-27,No
PROD0040,Switchable cohesive middleware,Home,Lowery Inc,Lopez-Ibarra,376.75,853.71,55.9,865,SKU99123,2.3,4278,2.88,89x99x44cm,2025-09-06,No
PROD0041,Customizable dedicated function,Clothing,"Perry, Davila and Lopez","Drake, Cummings and Nielsen",223.62,268.64,16.8,712,SKU36614,2.9,3368,10.74,59x65x20cm,2025-07-29,No
PROD0042,Future-proofed demand-driven Internet solution,Electronics,Avery PLC,Kelley and Sons,430.21,715.86,39.9,547,SKU11555,1.2,2905,4.43,65x83x7cm,2025-08-30,No
PROD0043,Mandatory foreground Internet solution,Home,Johnson-Kelly,"Mercer, Bird and Huffman",276.1,396.89,30.4,438,SKU23546,3.8,625,14.01,82x58x34cm,2025-10-15,No
PROD0044,Future-proofed hybrid website,Books,Young Group,Hull LLC,284.51,364.36,21.9,446,SKU53989,2.8,4689,5.75,27x25x27cm,2025-09-11,No
PROD0045,Cross-group grid-enabled adapter,Home,Jimenez-Martin,"Lopez, Bond and Stevens",41.39,100.11,58.7,652,SKU53441,1.0,1871,17.76,93x31x43cm,2025-07-29,No
PROD0046,Persistent contextually-based model,Home,Gonzales Group,Jacobs Inc,264.1,321.06,17.7,84,SKU61721,1.3,4531,10.1,90x63x48cm,2025-08-18,No
PROD0047,Customizable web-enabled adapter,Home,Morton-Brown,"Fleming, Curtis and Spencer",271.7,535.33,49.2,358,SKU69418,3.8,3063,19.59,93x68x24cm,2025-08-09,No
PROD0048,De-engineered real-time core,Electronics,"Davis, Hoover and Gonzales","Roth, Wright and James",175.7,228.09,23.0,760,SKU75322,4.9,2222,17.62,57x34x13cm,2025-11-24,No
PROD0049,Customizable regional neural-net,Home,Hall-Acevedo,Wilson-Murray,380.05,582.48,34.8,901,SKU80773,2.3,3138,14.33,91x16x38cm,2026-01-05,No
PROD0050,Quality-focused homogeneous protocol,Home,"Miles, Gomez and Larsen","Rodriguez, Crawford and Durham",37.09,61.33,39.5,195,SKU11147,3.5,2342,2.97,25x85x31cm,2025-11-27,No
PROD0051,Business-focused asynchronous paradigm,Electronics,Craig Inc,"Nichols, Stevens and Stevens",345.06,600.26,42.5,981,SKU30715,2.3,1562,6.25,75x37x8cm,2026-01-06,No
PROD0052,Business-focused zero-defect intranet,Electronics,"Cook, Cuevas and Smith",Walters and Sons,464.18,1120.25,58.6,917,SKU85510,4.1,4495,8.16,61x98x36cm,2025-10-20,No
PROD0053,Front-line client-driven productivity,Books,Richardson Group,"White, Peters and Harding",365.1,537.91,32.1,752,SKU73386,4.4,749,18.7,47x33x6cm,2025-10-31,No
PROD0054,Intuitive content-based infrastructure,Clothing,"Finley, Thomas and Frazier","Cunningham, Gonzales and Henson",362.28,752.12,51.8,834,SKU44973,1.5,1916,13.14,72x66x48cm,2025-10-14,No
PROD0055,Front-line attitude-oriented Local Area Network,Clothing,"Thomas, Mason and Park",Scott LLC,208.86,293.17,28.8,828,SKU68520,2.6,17,0.32,93x58x41cm,2025-07-29,No
PROD0056,De-engineered tertiary paradigm,Home,Campbell Inc,Hayden Group,88.58,158.0,43.9,507,SKU83136,2.3,4646,11.67,26x59x45cm,2025-12-30,No
PROD0057,Focused content-based service-desk,Books,Hubbard-Nelson,Barnett Inc,487.66,1150.49,57.6,47,SKU75288,1.9,1432,17.47,58x96x25cm,2026-01-01,No
PROD0058,Intuitive analyzing hierarchy,Sports,Murphy-Rodgers,Larson-Gill,310.35,481.0,35.5,305,SKU44444,4.2,4863,16.08,38x18x44cm,2025-09-07,No
PROD0059,Reactive tangible encoding,Electronics,"Jackson, Meadows and Cain","Woods, Brooks and Padilla",414.71,876.71,52.7,632,SKU44406,1.6,3085,9.35,98x65x15cm,2025-10-14,No
PROD0060,Up-sized homogeneous capability,Books,Brown PLC,"Smith, Jensen and Nolan",499.06,651.52,23.4,637,SKU51481,3.5,756,18.48,94x79x45cm,2026-01-14,No
PROD0061,Switchable mission-critical portal,Sports,Morris and Sons,Ramirez Ltd,367.25,595.33,38.3,695,SKU53458,4.6,1710,11.11,52x16x34cm,2025-12-28,No
PROD0062,Networked actuating intranet,Electronics,Howard Ltd,Perkins Inc,193.95,434.8,55.4,857,SKU87001,3.2,4245,2.72,28x56x24cm,2025-12-21,No
PROD0063,Versatile cohesive task-force,Sports,"Mcdowell, Young and Walker",Berger Inc,180.25,446.39,59.6,487,SKU49497,3.0,3811,7.33,23x73x41cm,2025-11-02,No
PROD0064,Centralized content-based leverage,Electronics,"Young, Martinez and Rogers","Walter, Morse and Henderson",431.07,858.28,49.8,509,SKU26488,1.3,340,8.61,41x59x42cm,2026-01-16,No
PROD0065,Profound multimedia orchestration,Sports,Cunningham Ltd,Parks-Miller,422.08,631.39,33.2,94,SKU46291,3.7,2737,19.15,85x24x28cm,2026-01-09,No
PROD0066,Self-enabling stable encoding,Electronics,Patterson LLC,"Martin, Warren and Sandoval",152.77,197.0,22.5,300,SKU27375,3.7,4807,15.62,60x83x31cm,2025-08-12,No
PROD0067,Synergized asynchronous approach,Electronics,Shepherd-Brown,"Chandler, Underwood and Long",465.45,776.23,40.0,846,SKU45951,1.2,278,6.34,91x28x7cm,2026-01-09,No
PROD0068,Customer-focused client-server challenge,Home,Dillon Group,Waters-Gonzales,358.51,504.25,28.9,437,SKU56773,2.8,3338,12.64,78x13x15cm,2025-08-12,No
PROD0069,De-engineered object-oriented matrices,Books,Hill PLC,Lee-Moss,203.64,262.21,22.3,329,SKU59432,3.8,535,7.01,62x57x44cm,2025-07-29,No
PROD0070,Managed full-range adapter,Home,"Perry, Moore and Key","Benson, Miller and Gonzales",376.86,601.25,37.3,148,SKU95485,2.7,4394,15.68,37x87x19cm,2025-09-22,No
PROD0071,Universal asynchronous access,Electronics,Haas Group,Brown LLC,94.24,132.08,28.6,274,SKU52664,1.3,2661,10.23,78x33x33cm,2025-10-15,No
PROD0072,Re-contextualized 6thgeneration Graphical User Interface,Home,"Murphy, Edwards and Hudson",Johnson LLC,266.63,483.82,44.9,82,SKU51114,1.3,3594,8.74,16x53x34cm,2025-12-30,No
PROD0073,Function-based system-worthy architecture,Books,Anderson LLC,Curtis-Smith,242.33,521.36,53.5,855,SKU16548,2.4,1811,17.74,90x18x32cm,2025-08-17,No
PROD0074,Configurable interactive Local Area Network,Electronics,Taylor Group,Martinez-Martinez,137.58,192.5,28.5,446,SKU30882,4.6,3617,4.12,65x18x36cm,2025-10-07,No
PROD0075,Inverse even-keeled productivity,Sports,"Romero, Johnson and Fitzpatrick","Moody, Delgado and Gonzalez",140.32,204.28,31.3,550,SKU86731,3.1,3293,9.44,13x92x32cm,2025-10-02,No
PROD0076,Upgradable radical concept,Sports,Monroe Ltd,Berry Ltd,232.41,286.12,18.8,831,SKU14320,1.6,4013,0.5,55x39x6cm,2025-10-10,No
PROD0077,Proactive encompassing utilization,Home,"Mckinney, Phelps and Salazar",Taylor-Mcmillan,224.02,286.0,21.7,225,SKU78667,4.8,7,5.85,21x55x43cm,2025-08-03,No
PROD0078,Ameliorated maximized matrix,Sports,"Bradshaw, Brown and White",Lee Inc,61.8,103.07,40.0,197,SKU51089,1.1,757,3.6,76x80x49cm,2025-12-14,No
PROD0079,Progressive analyzing core,Sports,Hernandez PLC,Smith Group,376.47,786.64,52.1,529,SKU65850,2.0,4477,10.86,58x34x18cm,2025-10-21,No
PROD0080,User-friendly optimal encryption,Clothing,Martinez-Hawkins,Hamilton Group,445.05,739.68,39.8,278,SKU52080,2.1,3862,15.55,15x94x47cm,2025-08-03,No
PROD0081,Distributed actuating core,Home,"York, Andrews and Guerrero",Sexton-Brown,110.11,161.03,31.6,473,SKU65444,4.0,1521,0.19,100x98x50cm,2025-10-19,No
PROD0082,Secured systematic matrices,Sports,Burns-Fritz,Riley-Harris,27.78,36.33,23.5,861,SKU63687,1.6,2178,10.17,29x38x39cm,2025-09-06,No
PROD0083,Quality-focused 4thgeneration strategy,Clothing,Thompson-Hall,"Wilkerson, Cruz and Webb",364.15,631.34,42.3,618,SKU80227,1.3,3029,8.58,17x54x8cm,2025-12-29,No
PROD0084,Phased tertiary attitude,Clothing,Bailey PLC,Eaton Group,469.18,983.31,52.3,721,SKU71240,2.1,2189,7.15,39x62x9cm,2025-08-24,No
PROD0085,Future-proofed logistical definition,Clothing,"Cole, Reed and Green",Murray Inc,183.23,351.81,47.9,3,SKU57091,3.6,2237,1.08,30x38x10cm,2025-11-19,No
PROD0086,Optimized 4thgeneration knowledgebase,Electronics,"Martinez, Green and Peters","Moody, Jones and Reed",317.7,456.7,30.4,288,SKU68853,1.2,4650,9.35,39x18x26cm,2025-08-04,No
PROD0087,Organized responsive migration,Sports,Miller-Peterson,Martin-Taylor,475.97,656.63,27.5,104,SKU64809,1.6,4445,5.14,31x39x45cm,2025-09-21,No
PROD0088,Intuitive empowering installation,Home,Simmons PLC,Cline Group,291.84,437.48,33.3,59,SKU42098,1.0,2847,12.4,100x56x38cm,2026-01-02,No
PROD0089,Function-based system-worthy support,Home,"Delgado, Clark and Bowen",Ramirez-Meyers,140.09,314.95,55.5,529,SKU41974,4.5,4001,10.02,50x50x13cm,2025-10-05,No
PROD0090,Fully-configurable regional attitude,Books,Cunningham-Duffy,Buckley-Haney,428.48,743.79,42.4,775,SKU67934,3.2,368,14.28,52x10x46cm,2025-07-27,No
PROD0091,Streamlined leadingedge methodology,Home,Griffith Group,"Ortiz, Campbell and Ferguson",452.29,660.85,31.6,960,SKU20985,1.3,1954,0.88,80x19x29cm,2025-09-06,No
PROD0092,Seamless clear-thinking methodology,Clothing,"Cox, Patterson and Anderson",Mcdowell PLC,417.59,695.62,40.0,988,SKU11163,2.3,2863,19.78,72x56x37cm,2026-01-08,No
PROD0093,Customizable content-based service-desk,Clothing,Gibbs-Reed,Hubbard PLC,217.6,276.06,21.2,921,SKU17711,1.6,2553,8.93,22x86x17cm,2025-09-03,No
PROD0094,User-friendly analyzing open system,Sports,"Cook, Patrick and Tanner","Rodriguez, Garrison and Woods",472.46,691.29,31.7,263,SKU65982,1.5,2370,10.42,38x17x48cm,2025-08-07,No
PROD0095,Open-source interactive forecast,Home,Martin-Cooper,Wallace PLC,325.35,757.21,57.0,515,SKU27276,2.2,2477,4.43,62x23x21cm,2025-10-22,No
PROD0096,Configurable well-modulated conglomeration,Books,"Salazar, Whitehead and Keller","Li, Jones and Galloway",172.54,323.88,46.7,926,SKU60429,2.9,241,14.24,12x33x22cm,2025-10-05,No
PROD0097,Face-to-face neutral strategy,Books,Shepard-Davis,Hernandez Group,264.81,644.77,58.9,930,SKU62977,3.3,1378,1.2,44x10x34cm,2025-08-06,No
PROD0098,Cloned clear-thinking framework,Home,Cummings Ltd,Parks-Savage,68.03,163.49,58.4,326,SKU93939,4.0,1905,14.91,15x50x27cm,2026-01-06,No
PROD0099,Focused neutral time-frame,Home,Fox PLC,Richard-Marshall,175.6,253.4,30.7,177,SKU49347,1.8,4168,5.84,83x50x13cm,2025-11-03,No
PROD0100,Monitored secondary hierarchy,Home,Perez-Clark,"Morris, Ramirez and Alvarez",272.58,435.09,37.4,45,SKU93684,2.7,834,3.77,39x88x22cm,2025-10-17,No
PROD0101,Reactive bandwidth-monitored adapter,Clothing,Foster and Sons,Davis-Smith,216.8,451.04,51.9,851,SKU46997,3.7,2587,12.43,64x99x28cm,2025-09-22,No
PROD0102,Cloned client-server strategy,Clothing,Burnett-Hayden,Jones-Daniels,342.48,824.32,58.5,875,SKU65021,2.8,1973,11.45,85x93x31cm,2025-08-28,No
PROD0103,Customer-focused non-volatile pricing structure,Electronics,Howell-Wilson,Lee and Sons,105.82,172.88,38.8,505,SKU93226,5.0,1656,17.06,11x21x6cm,2025-11-08,No
PROD0104,Upgradable neutral emulation,Electronics,Yang Ltd,"Garcia, Taylor and Walker",418.25,617.68,32.3,447,SKU60683,2.5,3371,8.14,59x63x40cm,2025-12-22,No
PROD0105,Customer-focused 24/7 array,Books,Good-Moyer,"Macias, Roberts and Lopez",21.73,45.79,52.5,937,SKU21557,4.6,2625,15.31,42x12x48cm,2025-09-13,No
PROD0106,Customizable interactive access,Books,"Collins, Hughes and Lin",Richardson Ltd,492.39,958.45,48.6,833,SKU44755,1.6,1636,16.44,95x40x33cm,2025-10-26,No
PROD0107,Persistent reciprocal archive,Clothing,"Miller, Brown and Gallegos",Johnson-Lopez,118.67,294.25,59.7,947,SKU99219,4.2,1519,11.05,81x38x7cm,2025-10-12,No
PROD0108,Profound responsive hardware,Clothing,Norman-Dawson,Perez-Cole,468.8,814.58,42.4,886,SKU21037,1.4,3490,12.87,46x20x40cm,2025-09-23,No
PROD0109,Organized 3rdgeneration middleware,Home,"Ellis, Rodriguez and Price",Hughes-Hernandez,266.4,570.5,53.3,416,SKU65834,1.8,4358,14.15,52x10x9cm,2025-11-03,No
PROD0110,Multi-lateral bifurcated system engine,Sports,Beasley LLC,"Hunt, Rodriguez and Reeves",377.22,588.6,35.9,913,SKU75510,1.2,540,14.35,51x56x42cm,2025-10-19,No
PROD0111,Synchronized bi-directional projection,Electronics,Watts-Thomas,"Ingram, Williams and Moore",407.06,544.67,25.3,445,SKU42985,3.0,20,19.43,67x35x41cm,2025-12-15,No
PROD0112,User-friendly multi-state initiative,Home,Sanford-Smith,Gallagher Group,34.9,65.8,47.0,483,SKU36513,2.3,3074,8.52,40x41x17cm,2025-11-04,No
PROD0113,Right-sized national Internet solution,Clothing,Moore Inc,Foster-Graham,219.22,443.62,50.6,400,SKU53265,2.3,2706,10.67,76x64x38cm,2025-09-02,No
PROD0114,Fundamental value-added hub,Clothing,"Stein, Gomez and Berry",Mccall Ltd,477.65,819.3,41.7,690,SKU71407,3.2,198,2.85,80x82x50cm,2025-10-01,No
PROD0115,Open-architected uniform system engine,Sports,Mckay Ltd,Callahan-Collins,146.79,240.26,38.9,74,SKU21487,4.3,3127,2.45,82x94x45cm,2025-10-30,No
PROD0116,Future-proofed bandwidth-monitored knowledgebase,Sports,Paul Inc,Reynolds Group,410.07,1003.15,59.1,894,SKU26642,4.7,4937,15.29,65x21x26cm,2025-10-21,No
PROD0117,Digitized 24/7 capacity,Sports,Owen LLC,Bishop-Johnson,176.95,394.88,55.2,529,SKU28384,2.8,798,2.21,24x55x37cm,2025-09-12,No
PROD0118,Ameliorated full-range neural-net,Books,Nelson LLC,Johnson and Sons,14.28,22.54,36.6,390,SKU86482,4.9,3754,19.82,38x92x10cm,2025-08-05,No
PROD0119,Right-sized global implementation,Home,Murphy-Wilson,"Hayden, Gonzales and Rollins",487.37,1088.27,55.2,445,SKU69313,1.6,4591,18.7,83x27x30cm,2026-01-07,No
PROD0120,Seamless responsive artificial intelligence,Electronics,Hayes LLC,"Rodriguez, Monroe and Reed",175.12,384.95,54.5,782,SKU42784,3.7,1697,17.16,31x51x25cm,2025-11-30,No
PROD0121,Open-source multimedia application,Sports,"Neal, Phillips and Villegas",Mcgee-Welch,10.35,21.24,51.3,378,SKU99528,1.7,804,2.28,100x99x42cm,2025-10-07,No
PROD0122,Organized bifurcated extranet,Home,"Berry, King and Harrison",Huff LLC,109.91,241.92,54.6,619,SKU83805,4.7,3664,15.13,30x29x16cm,2025-12-25,No
PROD0123,Horizontal systematic process improvement,Electronics,Baker Group,Duffy-Carroll,391.44,509.76,23.2,669,SKU85506,3.9,2411,16.47,98x79x37cm,2025-10-01,No
PROD0124,Implemented static projection,Clothing,Sanchez Inc,Hall LLC,154.52,219.02,29.4,446,SKU10572,1.2,3187,13.25,68x58x5cm,2025-09-29,No
PROD0125,Cross-platform asynchronous throughput,Sports,Wolf and Sons,Cooper PLC,451.73,587.85,23.2,479,SKU99290,4.4,4980,5.81,60x43x43cm,2025-12-16,No
PROD0126,Enterprise-wide contextually-based capability,Clothing,Hudson-Johnson,"James, Miller and Young",388.05,532.21,27.1,122,SKU80974,3.3,2362,1.9,28x20x36cm,2025-08-19,No
PROD0127,Sharable next generation database,Clothing,Huynh-Marshall,Richardson Inc,406.94,513.69,20.8,588,SKU39062,2.2,2903,18.94,79x21x39cm,2025-12-10,No
PROD0128,Operative real-time budgetary management,Clothing,"Mitchell, Curtis and Phelps","Small, Sellers and Richardson",312.78,500.52,37.5,518,SKU31803,2.1,2424,15.03,49x98x31cm,2025-08-01,No
PROD0129,Pre-emptive eco-centric contingency,Electronics,Cook-Soto,Phillips Inc,210.23,498.36,57.8,510,SKU65619,3.8,2131,19.21,59x13x23cm,2025-11-30,No
PROD0130,Profound asynchronous knowledgebase,Home,"Wright, Fletcher and Gay",Shaffer Inc,162.24,339.66,52.2,617,SKU41900,4.7,1094,18.45,13x74x17cm,2025-08-16,No
PROD0131,Reactive didactic application,Clothing,Key Ltd,Green-Harrison,278.19,694.63,60.0,504,SKU38216,4.2,3815,8.2,33x12x24cm,2025-09-29,No
PROD0132,Cross-platform bottom-line extranet,Electronics,"Livingston, Smith and Brown",Day-Murray,27.7,54.07,48.8,394,SKU80133,2.2,2126,16.37,40x100x47cm,2025-11-02,No
PROD0133,Extended zero administration success,Electronics,Schroeder-Gonzalez,Arnold-Weaver,455.54,993.91,54.2,708,SKU87342,3.1,436,4.04,69x25x6cm,2025-12-30,No
PROD0134,Down-sized dynamic database,Sports,Wood and Sons,Foster-Lopez,258.38,402.96,35.9,740,SKU67080,1.2,3597,2.79,21x84x47cm,2025-08-01,No
PROD0135,Programmable mission-critical process improvement,Sports,Herrera Group,"Hardy, Gilmore and Leon",413.49,904.88,54.3,532,SKU72323,2.9,666,2.7,100x58x7cm,2025-11-01,No
PROD0136,Customizable uniform workforce,Home,Gomez-Moore,White-Conley,475.66,618.23,23.1,424,SKU38863,3.1,4592,10.37,17x56x28cm,2025-11-21,No
PROD0137,Streamlined 6thgeneration database,Sports,"Bright, Brown and Henderson","Conrad, Palmer and Walker",498.75,782.59,36.3,572,SKU14686,1.1,575,0.92,54x51x46cm,2025-11-22,No
PROD0138,Multi-tiered impactful project,Clothing,Hicks-Lee,Mitchell-Casey,450.04,1083.67,58.5,251,SKU37328,2.4,1955,10.62,76x87x7cm,2025-11-19,No
PROD0139,Mandatory eco-centric leverage,Books,Bishop LLC,Gomez-Riggs,165.96,411.48,59.7,762,SKU62248,4.1,2835,5.84,22x73x5cm,2025-09-30,No
PROD0140,Virtual responsive synergy,Books,"Ponce, Davis and Diaz",Morris Ltd,26.49,42.23,37.3,762,SKU67396,3.5,1394,14.0,30x30x11cm,2025-09-01,No
PROD0141,De-engineered methodical migration,Home,"Reed, Taylor and Evans","Juarez, Tucker and Oconnor",12.54,18.34,31.6,531,SKU59673,4.8,4898,12.03,58x27x22cm,2026-01-08,No
PROD0142,Self-enabling non-volatile hierarchy,Electronics,Johnson Ltd,Sawyer-Salinas,216.32,432.83,50.0,317,SKU77181,2.0,4178,12.27,29x43x43cm,2025-09-24,No
PROD0143,Pre-emptive optimizing protocol,Home,Jones-Martin,Welch-Nelson,124.07,274.78,54.8,393,SKU22189,2.9,262,2.41,93x91x23cm,2025-11-29,No
PROD0144,Reduced content-based open architecture,Books,Watkins and Sons,"Roberts, Morgan and White",161.98,362.01,55.3,882,SKU87817,2.0,4680,3.02,59x23x36cm,2025-12-14,No
PROD0145,User-centric bottom-line hierarchy,Sports,"Brooks, Fuentes and Liu",Fisher Inc,311.94,447.31,30.3,871,SKU34576,1.7,3712,17.61,52x48x41cm,2025-07-27,No
PROD0146,Advanced exuding infrastructure,Books,Hines LLC,"Reese, Henry and Dawson",111.68,155.86,28.3,848,SKU32709,2.6,3438,7.14,100x55x47cm,2025-12-22,No
PROD0147,Customizable full-range toolset,Clothing,Roberts Group,Lopez-Garrett,101.18,251.09,59.7,267,SKU97536,1.6,642,15.18,20x93x34cm,2025-11-16,No
PROD0148,Customizable optimizing moderator,Electronics,English-Patton,"Pearson, Schmitt and Wiggins",467.66,985.88,52.6,726,SKU97068,3.0,442,12.55,54x70x38cm,2025-12-02,No
PROD0149,Multi-layered tangible budgetary management,Books,Herman-Thomas,"Marshall, Armstrong and Gonzalez",466.57,1049.15,55.5,738,SKU51522,3.2,1814,11.84,46x79x25cm,2025-12-19,No
