Patient_ID,MRN,Age,Gender,Blood_Type,Primary_Diagnosis,Secondary_Diagnosis,Admission_Date,Discharge_Date,Length_of_Stay,Treatment_Cost,Insurance_Provider,Insurance_Coverage,Patient_Responsibility,Readmission_30_Days,Medications,Lab_Tests,ER_Visits_Past_Year,Smoking_Status,BMI,Discharge_Disposition
PAT00000,MRN383592,34,Male,A+,COPD,COPD,2024-08-11,2024-08-25,14,24097.63,Aetna,0.8,4819.53,No,4,6,5,Former,24.6,Hospice
PAT00001,MRN415682,50,Male,AB+,Anxiety,None,2024-07-08,2024-07-22,14,30455.87,Blue Cross,0.85,4568.38,No,2,8,4,Former,43.0,Rehab
PAT00002,MRN985514,22,Female,O+,Anxiety,Hypertension,2024-07-09,2024-07-22,13,42861.99,Blue Cross,0.71,12429.98,No,1,13,1,Current,34.7,Rehab
PAT00003,MRN801156,18,Male,AB+,Asthma,Depression,2024-03-12,2024-03-15,3,31149.65,Blue Cross,0.78,6852.92,No,3,15,0,Current,32.3,Home
PAT00004,MRN216282,69,Female,B+,Asthma,Osteoarthritis,2024-11-17,2024-12-03,16,31208.03,Aetna,0.89,3432.88,Yes,6,10,4,Former,19.5,SNF
PAT00005,MRN177693,74,Female,AB+,Asthma,None,2025-04-15,2025-05-03,18,21769.62,Cigna,0.85,3265.44,No,6,13,1,Never,21.9,SNF
PAT00006,MRN441702,81,Female,A+,COPD,COPD,2025-09-05,2025-09-17,12,22626.34,Cigna,0.84,3620.21,No,6,5,4,Never,30.3,SNF
PAT00007,MRN520705,61,Male,A+,COPD,COPD,2024-08-12,2024-08-13,1,42096.5,Blue Cross,0.91,3788.68,No,3,12,5,Current,34.2,Home
PAT00008,MRN600676,78,Male,A+,Asthma,Asthma,2024-11-25,2024-12-07,12,24228.23,Medicare,0.93,1695.98,No,3,6,2,Current,25.6,SNF
PAT00009,MRN960460,73,Male,A+,Depression,Diabetes Type 2,2025-07-29,2025-08-05,7,29661.0,Aetna,0.91,2669.49,Yes,7,14,1,Former,29.8,Home
PAT00010,MRN810598,24,Female,O+,Osteoarthritis,Asthma,2025-11-07,2025-11-25,18,13582.35,UnitedHealth,0.77,3123.94,No,8,7,5,Never,21.0,Hospice
PAT00011,MRN143822,29,Female,O+,Asthma,Hypertension,2024-09-10,2024-09-12,2,39042.15,Aetna,0.89,4294.64,No,6,11,5,Current,24.5,Hospice
PAT00012,MRN647560,46,Female,O+,Osteoarthritis,Hypertension,2024-09-29,2024-10-16,17,3346.34,UnitedHealth,0.87,435.02,Yes,3,4,2,Former,21.2,Hospice
PAT00013,MRN429070,63,Female,B+,Asthma,Hypertension,2024-06-15,2024-06-22,7,16047.84,Cigna,0.75,4011.96,No,4,12,4,Former,40.2,SNF
PAT00014,MRN186688,44,Female,B+,Hypertension,None,2025-06-10,2025-06-13,3,3975.34,Aetna,0.8,795.07,No,4,14,3,Never,33.3,Home
PAT00015,MRN301985,18,Female,AB+,Hypertension,COPD,2024-08-01,2024-08-17,16,22393.06,Cigna,0.92,1791.44,No,4,3,2,Never,44.3,Hospice
PAT00016,MRN768417,57,Male,B+,Asthma,COPD,2024-09-18,2024-09-21,3,40492.42,Aetna,0.91,3644.32,No,8,8,3,Former,35.9,Rehab
PAT00017,MRN191564,28,Male,O+,COPD,Diabetes Type 2,2025-02-18,2025-03-01,11,16129.79,Aetna,0.74,4193.75,No,3,6,5,Current,35.6,Home
PAT00018,MRN491756,49,Male,B+,Hypertension,None,2025-04-07,2025-04-20,13,38432.26,Blue Cross,0.95,1921.61,No,2,8,3,Current,27.2,Hospice
PAT00019,MRN519861,27,Female,A+,COPD,Osteoarthritis,2024-02-24,2024-03-11,16,14588.32,Aetna,0.92,1167.07,No,4,3,5,Never,34.2,Hospice
PAT00020,MRN758782,83,Female,B+,COPD,None,2024-06-05,2024-06-08,3,29578.7,Cigna,0.74,7690.46,No,1,15,4,Former,28.1,SNF
PAT00021,MRN991699,87,Male,O+,Osteoarthritis,COPD,2025-07-02,2025-07-18,16,26358.27,Medicare,0.88,3162.99,No,5,4,4,Never,42.1,Rehab
PAT00022,MRN379308,92,Female,O+,Asthma,Diabetes Type 2,2024-05-01,2024-05-19,18,25644.62,Blue Cross,0.89,2820.91,No,8,13,5,Current,26.8,SNF
PAT00023,MRN470093,30,Female,AB+,Diabetes Type 2,Hypertension,2025-10-08,2025-10-23,15,44934.55,Medicare,0.88,5392.15,No,2,7,5,Current,25.7,SNF
PAT00024,MRN732662,56,Female,O+,COPD,Depression,2024-05-06,2024-05-21,15,6616.05,UnitedHealth,0.84,1058.57,No,8,10,3,Current,29.5,Rehab
PAT00025,MRN453729,72,Female,A+,Asthma,Anxiety,2025-04-02,2025-04-10,8,3190.23,Blue Cross,0.94,191.41,No,5,9,2,Never,43.8,SNF
PAT00026,MRN705767,67,Male,B+,Anxiety,Anxiety,2024-08-06,2024-08-16,10,23079.75,Blue Cross,0.77,5308.34,No,5,9,5,Current,28.2,Rehab
PAT00027,MRN264576,47,Male,A+,Anxiety,Anxiety,2025-02-17,2025-02-19,2,4982.46,Blue Cross,0.94,298.95,Yes,1,3,3,Never,30.0,Home
PAT00028,MRN221589,23,Female,B+,Anxiety,Depression,2025-12-16,2025-12-29,13,38733.73,Aetna,0.84,6197.4,No,4,5,0,Former,29.0,Home
PAT00029,MRN230427,75,Female,AB+,COPD,Anxiety,2025-08-28,2025-09-17,20,12768.95,Cigna,0.83,2170.72,No,2,12,3,Former,33.3,Rehab
PAT00030,MRN460297,62,Female,B+,COPD,Asthma,2025-11-30,2025-12-07,7,30579.83,Cigna,0.88,3669.58,No,8,12,4,Current,43.5,Rehab
PAT00031,MRN785216,28,Male,AB+,Anxiety,Diabetes Type 2,2025-05-24,2025-06-10,17,20022.11,Aetna,0.87,2602.87,No,2,8,2,Current,34.4,SNF
PAT00032,MRN564005,63,Female,O+,Asthma,Depression,2025-07-23,2025-07-31,8,30623.91,Cigna,0.85,4593.59,Yes,1,4,2,Never,40.4,Rehab
PAT00033,MRN721480,53,Male,AB+,Diabetes Type 2,Asthma,2024-03-01,2024-03-07,6,49149.13,Blue Cross,0.8,9829.83,No,7,10,5,Current,30.0,Hospice
PAT00034,MRN715323,50,Female,AB+,Depression,Depression,2025-12-22,2026-01-09,18,22490.53,Blue Cross,0.88,2698.86,No,8,6,4,Former,20.6,Rehab
PAT00035,MRN144084,20,Female,AB+,Hypertension,Hypertension,2024-01-27,2024-02-11,15,46127.03,UnitedHealth,0.74,11993.03,Yes,3,14,5,Current,28.4,Home
PAT00036,MRN583877,41,Male,B+,COPD,Asthma,2024-08-30,2024-09-20,21,2571.11,Aetna,0.94,154.27,Yes,5,11,2,Former,41.1,Hospice
PAT00037,MRN543154,31,Male,B+,COPD,Anxiety,2024-05-04,2024-05-17,13,13274.42,Medicare,0.87,1725.67,No,3,3,3,Current,32.0,Home
PAT00038,MRN242752,64,Male,O+,COPD,Anxiety,2025-02-22,2025-03-09,15,23063.52,UnitedHealth,0.79,4843.34,No,1,10,2,Former,43.9,SNF
PAT00039,MRN897091,22,Female,O+,COPD,Asthma,2025-08-06,2025-08-26,20,46053.29,Medicare,0.87,5986.93,No,8,8,2,Never,22.8,SNF
PAT00040,MRN246649,86,Female,B+,Asthma,Depression,2025-11-22,2025-11-24,2,12099.89,Aetna,0.72,3387.97,No,1,12,0,Current,39.4,Rehab
PAT00041,MRN765873,46,Female,AB+,Hypertension,Depression,2025-05-06,2025-05-20,14,46497.59,Blue Cross,0.88,5579.71,No,6,8,1,Current,20.2,Home
PAT00042,MRN362295,32,Female,AB+,Diabetes Type 2,COPD,2025-10-05,2025-10-19,14,16674.03,Cigna,0.75,4168.51,No,5,15,2,Never,19.0,SNF
PAT00043,MRN707829,18,Male,O+,COPD,None,2024-02-18,2024-03-07,18,37775.66,Medicare,0.86,5288.59,No,2,5,5,Never,42.4,SNF
PAT00044,MRN919445,90,Female,O+,Depression,None,2025-10-02,2025-10-13,11,28542.54,Medicare,0.73,7706.49,No,3,6,2,Current,42.3,Rehab
PAT00045,MRN300889,72,Male,A+,Hypertension,Anxiety,2024-07-14,2024-08-03,20,46330.75,Medicare,0.79,9729.46,No,8,6,3,Current,28.6,Rehab
PAT00046,MRN944754,48,Female,A+,Anxiety,Asthma,2025-02-26,2025-03-03,5,40298.91,Aetna,0.82,7253.8,No,2,6,2,Current,40.9,Home
PAT00047,MRN579658,78,Male,A+,Diabetes Type 2,Depression,2025-01-08,2025-01-11,3,28366.36,UnitedHealth,0.79,5956.94,No,8,5,5,Former,35.6,Rehab
PAT00048,MRN711756,79,Female,O+,COPD,None,2025-12-04,2025-12-23,19,5794.37,Medicare,0.71,1680.37,No,3,14,4,Current,33.8,Rehab
PAT00049,MRN923863,60,Male,A+,Asthma,Asthma,2025-08-23,2025-09-05,13,17690.41,Aetna,0.83,3007.37,No,8,6,3,Former,32.5,Rehab
PAT00050,MRN593688,33,Female,O+,Hypertension,Diabetes Type 2,2024-05-11,2024-05-29,18,16570.94,Aetna,0.79,3479.9,No,3,12,4,Current,31.1,SNF
PAT00051,MRN114339,79,Female,AB+,Osteoarthritis,Hypertension,2025-11-08,2025-11-13,5,40550.98,Medicare,0.89,4460.61,No,8,6,1,Never,39.2,Rehab
PAT00052,MRN690509,75,Male,AB+,Osteoarthritis,Hypertension,2025-09-20,2025-09-28,8,48475.92,UnitedHealth,0.73,13088.5,Yes,3,12,1,Former,44.2,SNF
PAT00053,MRN710549,33,Male,B+,Asthma,None,2024-01-30,2024-02-05,6,8246.32,Cigna,0.94,494.78,No,8,6,4,Current,37.7,Home
PAT00054,MRN102482,74,Female,A+,Anxiety,None,2024-10-21,2024-11-07,17,10805.85,Blue Cross,0.74,2809.52,No,2,14,3,Never,35.4,SNF
PAT00055,MRN415109,88,Male,A+,COPD,None,2025-10-14,2025-10-17,3,12560.25,Medicare,0.81,2386.45,No,2,6,3,Current,19.2,SNF
PAT00056,MRN587074,33,Male,B+,COPD,Depression,2024-01-27,2024-01-29,2,20175.29,Medicare,0.84,3228.05,No,8,12,1,Never,33.6,Hospice
PAT00057,MRN348059,34,Female,A+,Hypertension,Depression,2024-11-02,2024-11-09,7,32168.21,UnitedHealth,0.78,7077.01,No,7,4,0,Current,26.3,Rehab
PAT00058,MRN822747,86,Female,B+,Diabetes Type 2,None,2025-04-05,2025-04-26,21,24633.47,UnitedHealth,0.76,5912.03,No,6,5,0,Former,44.8,Hospice
PAT00059,MRN746141,88,Male,O+,Osteoarthritis,None,2024-10-24,2024-10-27,3,23219.2,UnitedHealth,0.87,3018.5,No,1,9,3,Current,25.7,Rehab
PAT00060,MRN209589,82,Male,A+,COPD,None,2025-04-05,2025-04-17,12,9253.88,Cigna,0.8,1850.78,No,6,3,5,Current,30.5,Rehab
PAT00061,MRN529709,58,Female,B+,Osteoarthritis,COPD,2024-10-23,2024-11-12,20,31354.97,Cigna,0.95,1567.75,No,4,11,3,Current,40.0,SNF
PAT00062,MRN572528,92,Female,A+,Anxiety,None,2025-09-09,2025-09-30,21,8323.63,Blue Cross,0.73,2247.38,Yes,7,15,2,Never,36.1,Home
PAT00063,MRN656121,76,Male,B+,Depression,Depression,2025-05-06,2025-05-14,8,25849.22,Blue Cross,0.74,6720.8,No,5,8,5,Never,42.5,Home
PAT00064,MRN501789,76,Female,O+,Osteoarthritis,Anxiety,2024-10-27,2024-11-10,14,30538.21,UnitedHealth,0.73,8245.32,Yes,6,7,4,Current,33.4,SNF
PAT00065,MRN858694,21,Female,AB+,Asthma,Diabetes Type 2,2025-04-29,2025-05-20,21,5424.0,UnitedHealth,0.88,650.88,No,1,8,4,Current,42.1,Hospice
PAT00066,MRN732685,90,Male,AB+,Hypertension,None,2025-09-23,2025-09-29,6,10850.6,Aetna,0.81,2061.61,Yes,2,11,1,Current,26.4,Home
PAT00067,MRN597025,21,Male,A+,Osteoarthritis,Asthma,2025-05-09,2025-05-16,7,8159.08,Blue Cross,0.74,2121.36,No,5,13,0,Current,34.3,Hospice
PAT00068,MRN132949,82,Female,O+,Asthma,None,2025-02-07,2025-02-21,14,20758.54,Medicare,0.8,4151.71,No,8,15,1,Former,25.4,SNF
PAT00069,MRN717939,80,Male,O+,Osteoarthritis,COPD,2024-12-22,2025-01-06,15,5864.73,Aetna,0.77,1348.89,No,1,15,0,Former,25.3,Home
PAT00070,MRN181030,42,Female,AB+,Asthma,Depression,2025-06-13,2025-07-03,20,17007.27,UnitedHealth,0.93,1190.51,No,5,8,5,Former,33.4,Home
PAT00071,MRN293943,59,Male,A+,Depression,Osteoarthritis,2025-05-12,2025-05-26,14,16754.87,UnitedHealth,0.71,4858.91,No,5,12,5,Former,40.1,Hospice
PAT00072,MRN390297,54,Female,A+,Asthma,Anxiety,2025-04-27,2025-05-12,15,36355.9,Aetna,0.92,2908.47,No,3,4,1,Never,36.6,SNF
PAT00073,MRN812013,67,Female,A+,Hypertension,Anxiety,2025-03-11,2025-03-17,6,26049.54,Medicare,0.71,7554.37,No,5,7,5,Current,37.6,Rehab
PAT00074,MRN916032,28,Female,A+,Osteoarthritis,Asthma,2024-08-20,2024-09-10,21,8019.12,Cigna,0.74,2084.97,No,7,4,4,Never,44.0,Rehab
PAT00075,MRN163592,73,Male,O+,COPD,Asthma,2024-11-03,2024-11-13,10,23077.52,UnitedHealth,0.78,5077.05,No,3,8,4,Former,18.8,SNF
PAT00076,MRN125860,34,Male,O+,Asthma,None,2025-08-10,2025-08-27,17,26567.98,UnitedHealth,0.86,3719.52,No,7,13,5,Never,27.4,Home
PAT00077,MRN591108,75,Male,B+,Osteoarthritis,Osteoarthritis,2025-03-12,2025-03-15,3,14867.51,Medicare,0.81,2824.83,No,2,6,4,Former,32.7,Home
PAT00078,MRN661357,74,Female,O+,Asthma,Asthma,2025-06-05,2025-06-12,7,40791.34,Medicare,0.88,4894.96,No,2,12,2,Current,27.5,Home
PAT00079,MRN793608,18,Male,O+,Diabetes Type 2,Osteoarthritis,2025-07-25,2025-07-30,5,22473.2,Blue Cross,0.94,1348.39,Yes,4,6,0,Never,19.1,Home
PAT00080,MRN968220,77,Male,O+,Depression,Anxiety,2025-01-01,2025-01-05,4,42347.14,Aetna,0.7,12704.14,No,5,6,0,Former,20.4,SNF
PAT00081,MRN878955,83,Male,A+,Asthma,Diabetes Type 2,2025-07-21,2025-07-29,8,19013.19,Medicare,0.8,3802.64,No,5,6,2,Never,36.7,Home
PAT00082,MRN523755,35,Female,B+,COPD,Osteoarthritis,2024-04-06,2024-04-18,12,12441.45,Blue Cross,0.73,3359.19,Yes,5,9,3,Former,26.0,SNF
PAT00083,MRN328338,56,Male,AB+,COPD,Depression,2024-07-27,2024-08-07,11,24423.55,UnitedHealth,0.8,4884.71,No,2,11,5,Never,19.2,SNF
PAT00084,MRN499684,59,Male,B+,Anxiety,Diabetes Type 2,2025-03-29,2025-03-30,1,22156.8,Cigna,0.86,3101.95,No,6,12,0,Never,19.0,Hospice
PAT00085,MRN696286,23,Male,AB+,Hypertension,Anxiety,2024-06-19,2024-07-10,21,44923.88,Blue Cross,0.77,10332.49,No,6,14,4,Never,19.3,Hospice
PAT00086,MRN153003,86,Male,B+,Depression,Diabetes Type 2,2025-09-26,2025-10-15,19,8658.51,UnitedHealth,0.8,1731.7,No,5,6,1,Never,39.3,Rehab
PAT00087,MRN415789,44,Male,AB+,Diabetes Type 2,None,2025-10-11,2025-10-17,6,29435.12,Blue Cross,0.95,1471.76,No,2,7,2,Never,27.4,SNF
PAT00088,MRN544587,34,Male,B+,Osteoarthritis,Depression,2025-08-22,2025-08-29,7,33436.38,Blue Cross,0.89,3678.0,No,8,8,3,Never,40.9,Home
PAT00089,MRN443022,65,Male,B+,Anxiety,Osteoarthritis,2024-08-19,2024-09-01,13,33993.84,Aetna,0.86,4759.14,No,5,8,2,Former,31.1,Hospice
PAT00090,MRN344480,77,Female,B+,Depression,Depression,2025-09-24,2025-10-02,8,33284.92,Cigna,0.77,7655.53,No,5,11,5,Current,40.6,Hospice
PAT00091,MRN482608,71,Female,AB+,Asthma,None,2024-08-12,2024-08-29,17,32028.17,UnitedHealth,0.8,6405.63,No,6,3,0,Former,35.2,Home
PAT00092,MRN561069,73,Male,A+,Asthma,Asthma,2025-02-15,2025-02-19,4,35805.72,Aetna,0.85,5370.86,No,4,8,4,Former,34.5,SNF
PAT00093,MRN586876,80,Female,AB+,Depression,Diabetes Type 2,2025-07-09,2025-07-14,5,49699.65,Aetna,0.79,10436.93,No,4,4,3,Former,39.7,Rehab
PAT00094,MRN933164,36,Female,AB+,Osteoarthritis,Anxiety,2025-12-20,2025-12-25,5,36366.51,Medicare,0.84,5818.64,No,7,8,0,Current,43.4,Home
PAT00095,MRN416136,90,Male,A+,Osteoarthritis,Depression,2025-06-13,2025-07-03,20,22824.32,UnitedHealth,0.8,4564.86,No,1,6,1,Never,33.7,Hospice
PAT00096,MRN628052,64,Female,B+,Asthma,Anxiety,2025-04-24,2025-05-06,12,33250.24,Medicare,0.95,1662.51,No,2,7,2,Current,20.7,SNF
PAT00097,MRN282534,63,Male,O+,COPD,Depression,2024-07-18,2024-08-06,19,43998.79,Cigna,0.94,2639.93,No,2,9,2,Current,36.6,Rehab
PAT00098,MRN332897,39,Female,AB+,Anxiety,Diabetes Type 2,2024-06-20,2024-07-01,11,15417.62,UnitedHealth,0.95,770.88,No,5,13,0,Former,22.0,Home
PAT00099,MRN778104,82,Male,B+,Depression,COPD,2025-05-01,2025-05-06,5,31085.17,Blue Cross,0.79,6527.89,No,7,14,0,Current,40.5,Home
