User_ID,Email,Company,Industry,Country,Signup_Date,Days_Active,Plan,Monthly_Revenue,Total_Revenue,Active_Features,Features_List,Sessions_Last_30d,Avg_Session_Minutes,Support_Tickets,NPS_Score,Churn_Risk,Predicted_LTV,Last_Active,Team_Size,Integration_Count,Data_Volume_GB
USER00000,peterburke@example.com,Armstrong LLC,Finance,Kyrgyz Republic,2025-02-22,329,Pro,99,1085.7,1,"Analytics, Team Members, Export",281,24.0,0,70,0.94,2931.25,2025-10-05,38,8,13.7
USER00001,lewislaura@example.com,Thompson LLC,Retail,Aruba,2025-10-26,83,Free,0,0.0,3,"Custom Domain, Analytics, Export",145,24.6,12,-89,0.56,6060.67,2025-11-13,1,10,345.1
USER00002,kayla01@example.org,Scott-Kim,Finance,Morocco,2026-01-05,12,Basic,29,11.600000000000001,4,"Team Members, Export, API Access, Priority Support",400,5.5,14,-56,0.73,6418.45,2026-01-16,1,4,870.4
USER00003,sandralang@example.com,"Chapman, Hernandez and Walls",Education,French Guiana,2025-05-04,258,Free,0,0.0,4,"Team Members, Export, Priority Support, API Access",264,6.1,6,62,0.99,9632.7,2025-10-30,1,4,944.6
USER00004,travisjohnson@example.net,Young Group,Tech,Falkland Islands (Malvinas),2026-01-10,7,Pro,99,23.1,6,Analytics,476,7.7,11,-89,0.35,3784.58,2026-01-13,47,3,808.5
USER00005,hlee@example.org,Richardson PLC,Retail,Greece,2025-05-20,242,Enterprise,499,4025.2666666666664,1,"Team Members, Export",202,35.6,10,39,0.43,7518.76,2026-01-11,46,3,340.2
USER00006,tsmith@example.net,Perry Ltd,Retail,Kuwait,2025-03-26,297,Enterprise,499,4940.1,3,Analytics,385,5.2,15,-76,0.09,3459.34,2025-05-28,22,6,455.9
USER00007,ryanangela@example.org,Stevens Ltd,Retail,Korea,2025-04-24,268,Free,0,0.0,1,"Custom Domain, Team Members, Priority Support",19,6.0,15,83,0.86,4613.77,2025-08-30,1,10,840.0
USER00008,nicholemcbride@example.net,Wolf Ltd,Healthcare,Russian Federation,2025-04-16,276,Free,0,0.0,6,"Priority Support, Team Members",116,34.4,11,-72,0.42,7189.09,2026-01-13,1,1,681.3
USER00009,chapmansarah@example.net,Soto-Bond,Finance,Cameroon,2025-10-13,96,Pro,99,316.8,5,"Export, Analytics, Priority Support, API Access, Team Members, Custom Domain",255,28.7,14,3,0.41,9186.82,2026-01-06,2,2,714.0
USER00010,amyortega@example.org,"Thompson, Duncan and Weaver",Tech,Venezuela,2025-04-01,291,Basic,29,281.29999999999995,2,"Export, Custom Domain",305,41.6,13,17,0.06,9701.18,2025-06-16,1,4,128.7
USER00011,christopher11@example.com,Lee and Sons,Finance,Eritrea,2025-06-23,208,Free,0,0.0,3,"API Access, Export, Custom Domain, Analytics",15,21.0,8,-43,0.99,4503.12,2025-08-03,1,0,974.6
USER00012,myersleslie@example.net,"Durham, Atkins and Nelson",Education,Togo,2025-12-09,39,Enterprise,499,648.7,4,"Custom Domain, Team Members, API Access, Priority Support, Export, Analytics",203,35.7,2,-78,0.75,3907.83,2026-01-06,14,10,28.0
USER00013,mmyers@example.com,Barnes PLC,Tech,Zambia,2025-01-26,356,Basic,29,344.1333333333333,3,"Team Members, Custom Domain, Priority Support",420,15.6,9,-100,0.88,4713.57,2025-03-22,1,5,296.6
USER00014,lisaheath@example.com,"Caldwell, Garcia and Bennett",Tech,Equatorial Guinea,2025-02-25,326,Pro,99,1075.8,1,"Priority Support, Team Members",444,11.1,14,-51,0.23,9358.85,2025-08-13,13,7,470.2
USER00015,michaelgeorge@example.com,Farrell-Olson,Finance,Botswana,2025-05-17,245,Free,0,0.0,4,"Analytics, Team Members, Custom Domain, Export, Priority Support, API Access",130,22.6,10,47,0.99,5133.93,2025-10-07,1,4,404.4
USER00016,seanboyer@example.net,"Watson, Hunter and Griffin",Finance,Bahrain,2025-08-29,141,Basic,29,136.3,1,"Export, API Access, Custom Domain",479,35.8,14,36,0.21,4799.73,2025-10-29,1,6,752.9
USER00017,steven27@example.org,"Tran, Diaz and Gonzalez",Healthcare,French Guiana,2025-03-16,307,Enterprise,499,5106.4333333333325,5,"Custom Domain, API Access, Analytics, Priority Support, Team Members, Export",351,18.4,9,43,0.6,6582.51,2025-05-22,13,8,755.0
USER00018,kathrynpace@example.org,"Gillespie, Boone and Martin",Healthcare,Italy,2025-02-27,324,Basic,29,313.20000000000005,4,"Team Members, Export, Priority Support, API Access",179,41.5,3,39,0.1,4201.24,2025-11-10,1,2,564.1
USER00019,dwang@example.com,Carter-Hernandez,Tech,Sudan,2025-07-16,185,Basic,29,178.83333333333334,4,"Analytics, Custom Domain, API Access, Team Members, Export, Priority Support",16,31.2,3,-42,0.6,1208.35,2025-09-02,1,3,808.6
USER00020,tholloway@example.com,Terry-Turner,Finance,Bouvet Island (Bouvetoya),2025-06-22,209,Basic,29,202.03333333333333,6,"Team Members, Priority Support, API Access",96,5.9,6,90,0.95,4627.95,2025-07-09,1,9,811.2
USER00021,cynthianixon@example.com,"Cervantes, Cross and Johnson",Healthcare,Tunisia,2025-11-19,59,Pro,99,194.7,5,"Priority Support, Team Members, Custom Domain",261,13.0,7,29,0.92,5707.39,2025-11-24,2,4,446.2
USER00022,nwagner@example.com,Johnson-Gutierrez,Education,Congo,2025-05-05,257,Free,0,0.0,6,"Team Members, Priority Support, Custom Domain, Analytics, API Access, Export",337,17.4,5,95,0.99,6860.46,2025-09-07,1,10,30.6
USER00023,alexmartinez@example.org,"Morgan, Leonard and Warren",Education,Pakistan,2025-10-12,97,Enterprise,499,1613.4333333333334,1,"Team Members, Analytics, API Access, Custom Domain, Export, Priority Support",288,2.8,15,63,0.01,47.25,2025-12-16,2,1,61.7
USER00024,kathrynhenderson@example.org,Strong Group,Retail,Saint Vincent and the Grenadines,2025-07-17,184,Basic,29,177.86666666666667,2,"Analytics, Priority Support",301,8.6,10,-78,0.14,1111.55,2025-10-28,1,2,153.5
USER00025,ilee@example.org,Page-Cobb,Tech,Panama,2025-06-29,202,Basic,29,195.26666666666668,3,"API Access, Team Members, Priority Support, Export, Analytics, Custom Domain",437,8.1,13,47,0.66,7389.23,2025-09-07,1,4,811.7
USER00026,joneswilliam@example.net,"Moore, Nguyen and Gilmore",Tech,Uganda,2025-10-19,90,Pro,99,297.0,2,Export,17,29.7,11,-21,0.0,1710.49,2025-12-08,41,1,127.0
USER00027,owilliams@example.org,"Cruz, Gregory and Kennedy",Retail,Germany,2025-05-23,239,Pro,99,788.7,5,"Custom Domain, Priority Support, Export",243,11.9,10,-6,0.56,8305.93,2025-06-20,33,5,85.7
USER00028,gibsonalexis@example.net,Hammond-Freeman,Retail,Liberia,2025-07-01,200,Pro,99,660.0,3,"Export, API Access, Custom Domain, Team Members, Analytics",476,25.0,12,55,0.66,1580.51,2026-01-01,24,1,379.4
USER00029,lewistina@example.org,Miller-Gordon,Healthcare,Netherlands,2025-04-18,274,Free,0,0.0,4,Export,25,27.4,15,95,0.85,7952.6,2025-10-30,1,9,517.2
USER00030,onealkim@example.net,Leblanc PLC,Retail,Sweden,2025-03-20,303,Basic,29,292.9,5,"API Access, Team Members, Custom Domain, Analytics, Priority Support, Export",382,20.8,7,97,0.63,1976.12,2025-12-20,1,2,114.5
USER00031,michelleward@example.net,Lynch-Harrison,Retail,Norway,2025-12-26,22,Free,0,0.0,5,"Team Members, Custom Domain, Priority Support, API Access",81,22.8,6,-98,0.99,9823.32,2026-01-12,1,4,916.0
USER00032,brownkelly@example.net,Bradford-Ewing,Healthcare,Brazil,2025-11-28,50,Basic,29,48.333333333333336,5,"API Access, Custom Domain",283,36.7,13,77,0.15,5614.09,2026-01-05,1,1,897.1
USER00033,mayjames@example.com,"Allen, Patterson and Soto",Retail,Poland,2025-08-03,167,Enterprise,499,2777.7666666666664,6,"Custom Domain, Export, API Access, Priority Support, Team Members",12,29.6,3,5,0.27,5309.08,2025-11-29,7,10,576.1
USER00034,mcintyretraci@example.org,Morales and Sons,Retail,Cambodia,2025-12-10,38,Basic,29,36.733333333333334,6,"API Access, Analytics",414,5.4,5,72,0.71,9248.99,2026-01-14,1,7,937.3
USER00035,christopher16@example.com,Mitchell Inc,Healthcare,Lao People's Democratic Republic,2025-01-27,355,Pro,99,1171.5,5,"Analytics, Team Members, API Access, Priority Support",482,36.0,12,1,0.19,9306.51,2025-07-03,8,2,804.2
USER00036,cynthia70@example.com,Howell Inc,Tech,Christmas Island,2026-01-09,8,Pro,99,26.4,3,Team Members,326,31.4,7,-58,0.81,1834.27,2026-01-13,41,4,178.1
USER00037,meganfitzgerald@example.com,Delgado PLC,Education,Nigeria,2025-09-18,121,Free,0,0.0,4,"Custom Domain, Priority Support, Export, Team Members, Analytics",490,16.4,14,95,0.99,5495.4,2025-10-19,1,2,381.1
USER00038,michael04@example.org,Barton Ltd,Tech,Burundi,2025-02-06,345,Basic,29,333.5,1,"Team Members, Custom Domain",288,40.7,6,-15,0.41,6976.6,2025-08-05,1,10,916.6
USER00039,bkim@example.com,"Watkins, Valdez and Rodriguez",Healthcare,Montserrat,2025-03-13,310,Enterprise,499,5156.333333333334,1,"Priority Support, Analytics, API Access, Export, Custom Domain, Team Members",12,33.7,11,-1,0.49,1686.72,2025-05-25,45,5,590.4
USER00040,herreradarren@example.org,Davidson Ltd,Education,Monaco,2025-04-12,280,Basic,29,270.6666666666667,4,"Priority Support, Export",215,2.4,6,88,0.57,8487.4,2025-04-19,1,3,676.3
USER00041,denise02@example.org,"Randolph, Russell and Mcmahon",Finance,French Polynesia,2025-10-18,91,Enterprise,499,1513.6333333333332,4,"Export, Custom Domain, Analytics, API Access, Priority Support, Team Members",133,4.3,14,-32,0.63,8957.18,2025-12-12,19,5,507.5
USER00042,matthewlowery@example.net,"Knight, Hawkins and King",Education,Slovenia,2025-04-18,274,Enterprise,499,4557.533333333333,4,"Team Members, Custom Domain, Analytics, Export, Priority Support, API Access",433,41.3,10,-56,0.79,4596.54,2025-06-02,46,10,873.7
USER00043,rbrock@example.com,"Coleman, Garcia and Smith",Retail,Dominica,2025-07-15,186,Basic,29,179.8,3,"Priority Support, Team Members, Analytics, Custom Domain",406,43.1,3,-5,0.67,6469.02,2025-10-29,1,10,516.1
USER00044,batesangela@example.net,Jimenez-Garcia,Tech,Iran,2025-04-04,288,Free,0,0.0,4,Priority Support,201,19.6,9,-11,0.85,8677.23,2026-01-05,1,2,582.7
USER00045,ylarsen@example.net,Bullock PLC,Healthcare,Dominican Republic,2025-08-26,144,Basic,29,139.2,4,"Export, Analytics, API Access",308,29.3,2,42,0.21,2077.37,2025-09-07,1,9,409.8
USER00046,gardnerdeanna@example.com,Harrison-Adkins,Education,Cote d'Ivoire,2025-03-19,304,Enterprise,499,5056.533333333333,1,"API Access, Custom Domain, Team Members, Priority Support",273,12.3,13,-7,0.76,90.46,2025-04-16,7,8,900.2
USER00047,kimberly84@example.net,Miller and Sons,Retail,Cook Islands,2025-03-16,307,Basic,29,296.76666666666665,2,Priority Support,84,34.6,0,-54,0.99,35.77,2025-06-02,1,1,43.1
USER00048,ymorris@example.org,"Ball, Tran and Green",Healthcare,Reunion,2025-06-29,202,Free,0,0.0,4,"Team Members, Priority Support, Custom Domain",10,14.0,15,41,0.34,1160.67,2025-10-20,1,1,888.3
USER00049,dford@example.net,Casey-Barber,Finance,Mexico,2025-03-25,298,Enterprise,499,4956.733333333334,3,"Team Members, Export, Priority Support",96,33.8,4,-15,0.95,3450.52,2025-07-30,27,7,957.0
USER00050,lisa03@example.net,Mccarthy Inc,Healthcare,Armenia,2025-05-24,238,Basic,29,230.06666666666666,1,"Custom Domain, Export, Team Members, Analytics, Priority Support, API Access",322,14.1,9,2,0.16,1765.04,2025-12-28,1,5,744.1
USER00051,adam06@example.net,"Ochoa, Castillo and Jackson",Tech,Bhutan,2025-05-17,245,Pro,99,808.4999999999999,5,"Custom Domain, Team Members",292,37.8,11,84,0.83,2234.83,2026-01-13,12,5,54.7
USER00052,vargaskatrina@example.net,Jones Group,Healthcare,British Virgin Islands,2025-10-24,85,Basic,29,82.16666666666667,3,"API Access, Team Members, Custom Domain, Priority Support",118,5.0,14,90,0.21,1968.08,2025-11-14,1,3,891.3
USER00053,elizabeth00@example.net,"Brown, Munoz and Baker",Education,Liberia,2025-06-17,214,Free,0,0.0,1,"API Access, Custom Domain, Priority Support, Team Members",347,2.2,1,5,0.9,4825.22,2026-01-13,1,7,314.6
USER00054,gpacheco@example.org,Reyes Inc,Retail,Spain,2025-12-11,37,Pro,99,122.10000000000001,2,"Custom Domain, Priority Support, Analytics, API Access, Team Members",441,32.3,14,-73,0.86,4209.18,2025-12-22,40,10,484.5
USER00055,jeremy52@example.net,Good Ltd,Finance,Estonia,2025-11-14,64,Enterprise,499,1064.5333333333333,6,"Export, API Access, Analytics, Priority Support",59,44.3,3,50,0.82,629.22,2026-01-09,5,7,842.9
USER00056,richardking@example.com,"Crawford, Allen and Stephenson",Retail,Saint Martin,2025-10-02,107,Enterprise,499,1779.7666666666669,4,"API Access, Analytics, Custom Domain, Export, Team Members, Priority Support",13,3.5,11,-6,0.33,7313.54,2025-10-27,18,7,903.1
USER00057,joseph89@example.net,Garcia-Evans,Tech,United States Virgin Islands,2025-01-23,359,Pro,99,1184.7,5,"Team Members, Analytics, API Access, Priority Support, Export, Custom Domain",157,9.0,9,-32,0.61,5036.43,2025-09-15,6,5,156.0
USER00058,elizabeth48@example.org,King-Hoffman,Tech,Christmas Island,2025-01-27,355,Free,0,0.0,3,"Export, Team Members",401,2.2,10,34,0.5,3093.74,2025-07-09,1,4,659.7
USER00059,daltonemma@example.net,Kelly and Sons,Tech,Liechtenstein,2025-12-02,46,Enterprise,499,765.1333333333334,3,Export,342,3.8,14,-63,0.58,7534.3,2026-01-05,33,9,988.2
USER00060,pauljones@example.org,James-Hernandez,Finance,Gabon,2025-11-06,72,Basic,29,69.6,3,"Custom Domain, Export",14,44.2,5,15,0.54,4469.76,2025-12-01,1,8,384.7
USER00061,flynnmichael@example.org,"Robinson, Fletcher and Schneider",Healthcare,Maldives,2025-01-19,363,Free,0,0.0,2,"API Access, Priority Support, Custom Domain, Team Members, Export",299,19.2,6,-65,0.99,6959.58,2025-06-05,1,6,975.3
USER00062,fhorn@example.net,Kennedy Group,Healthcare,French Southern Territories,2025-08-09,161,Free,0,0.0,6,"Custom Domain, Priority Support, Team Members, API Access, Export",348,36.5,7,-9,0.45,4843.21,2025-09-19,1,0,572.9
USER00063,josereeves@example.net,Smith LLC,Finance,Haiti,2025-08-03,167,Basic,29,161.43333333333334,3,"API Access, Export, Analytics, Priority Support",376,32.8,0,89,0.78,5537.13,2025-11-15,1,5,951.7
USER00064,grahamrobert@example.org,Hamilton LLC,Education,Bahamas,2025-08-15,155,Enterprise,499,2578.166666666667,2,Team Members,141,15.2,10,-38,0.34,5945.81,2025-09-29,22,8,748.1
USER00065,sdunn@example.net,Bird Ltd,Tech,Serbia,2025-09-12,127,Free,0,0.0,6,"Team Members, API Access",121,21.8,14,56,0.99,2955.57,2025-12-04,1,9,391.7
USER00066,ybaker@example.net,Bowman-Porter,Tech,Belgium,2025-05-16,246,Basic,29,237.79999999999998,4,"Analytics, Export",375,27.8,8,-47,0.44,4365.18,2025-11-30,1,0,951.7
USER00067,ascott@example.com,Alvarez Inc,Healthcare,Norway,2025-07-20,181,Pro,99,597.3,2,"Analytics, Priority Support",367,43.7,8,98,0.92,2841.56,2025-08-09,39,7,967.8
USER00068,ustone@example.net,Erickson-Taylor,Tech,Brazil,2025-09-19,120,Free,0,0.0,6,"Custom Domain, Team Members",10,27.0,12,41,0.62,1940.24,2026-01-13,1,7,965.8
USER00069,benjamin02@example.org,"Leblanc, Luna and Simmons",Healthcare,Macao,2025-10-23,86,Pro,99,283.8,3,"Team Members, Custom Domain, Analytics",229,34.9,7,-100,0.85,2852.47,2025-10-27,33,7,414.2
USER00070,gomezjasmine@example.com,"Allen, Lee and Graham",Retail,Faroe Islands,2026-01-05,12,Pro,99,39.6,3,"Export, Priority Support",326,12.2,15,44,0.27,4536.06,2026-01-05,25,1,140.4
USER00071,jennifer34@example.org,Maynard-Floyd,Education,Afghanistan,2025-08-08,162,Pro,99,534.6,3,"Priority Support, Team Members, Custom Domain",461,9.0,6,35,0.24,9430.86,2025-09-25,13,10,621.6
USER00072,brownnatalie@example.com,Morris and Sons,Tech,United Kingdom,2025-10-05,104,Pro,99,343.2,5,"Team Members, Analytics, Export, API Access",73,7.7,1,-45,0.49,4672.23,2026-01-14,48,6,144.6
USER00073,emilysmith@example.org,Hood and Sons,Retail,Western Sahara,2025-11-15,63,Enterprise,499,1047.9,4,Custom Domain,465,28.5,10,2,0.71,3004.27,2025-12-18,29,6,874.6
USER00074,davidwilcox@example.com,Jones-Pacheco,Education,Algeria,2025-09-28,111,Enterprise,499,1846.3000000000002,3,"API Access, Custom Domain, Priority Support, Team Members, Analytics",423,9.9,12,60,0.2,8495.56,2025-11-26,36,2,39.5
USER00075,mclark@example.com,"Morales, Marshall and Hoffman",Retail,Western Sahara,2025-11-27,51,Enterprise,499,848.3,5,"Priority Support, Custom Domain, Team Members, API Access",367,14.0,4,-80,0.45,9185.73,2025-12-16,12,0,851.1
USER00076,gibsondarrell@example.org,"Smith, Collins and Moore",Education,Bulgaria,2025-09-18,121,Free,0,0.0,1,"Custom Domain, Priority Support, Analytics",159,20.7,6,-99,0.96,2917.82,2025-11-17,1,0,619.2
USER00077,vtaylor@example.com,Turner Ltd,Retail,Heard Island and McDonald Islands,2025-02-18,333,Basic,29,321.9,1,"Priority Support, Analytics, Custom Domain, API Access, Export",32,22.4,12,-36,0.2,5267.88,2025-02-18,1,4,966.4
USER00078,brandon59@example.com,Johnson Group,Retail,Croatia,2025-02-23,328,Free,0,0.0,2,"Analytics, Priority Support, Custom Domain, Export, Team Members, API Access",142,34.8,1,-36,0.81,3926.93,2025-07-01,1,8,207.0
USER00079,robert05@example.com,Ware-Simpson,Education,Samoa,2025-10-30,79,Basic,29,76.36666666666666,5,"Priority Support, API Access, Custom Domain",373,19.3,15,-79,0.92,3905.89,2025-11-03,1,3,1000.0
USER00080,kimberlyhiggins@example.net,"Coleman, Nichols and Ramos",Finance,Italy,2025-10-27,82,Enterprise,499,1363.9333333333334,5,"Priority Support, Export, Custom Domain",63,27.4,7,-58,0.35,7309.81,2025-11-11,27,6,571.1
USER00081,terrymichael@example.org,"Joseph, Cummings and Parker",Tech,Ireland,2025-08-13,157,Pro,99,518.1,6,"API Access, Custom Domain, Team Members, Analytics, Export, Priority Support",142,42.5,8,-92,0.99,6858.28,2025-09-26,43,7,650.8
USER00082,samantha11@example.net,Olson and Sons,Healthcare,Nepal,2025-07-17,184,Free,0,0.0,5,"Team Members, Analytics, Priority Support, Custom Domain",225,8.4,13,-74,0.51,8712.29,2025-11-17,1,7,264.3
USER00083,brewerdavid@example.net,Grant and Sons,Retail,Netherlands,2025-03-29,294,Free,0,0.0,4,Custom Domain,316,30.7,0,-12,0.68,7626.33,2025-09-26,1,0,631.1
USER00084,martinrobert@example.org,Smith Ltd,Healthcare,Brazil,2025-11-24,54,Free,0,0.0,4,Analytics,472,26.6,13,-23,0.99,2226.07,2025-12-25,1,8,778.7
USER00085,michellesanders@example.org,Miller-Knox,Finance,Congo,2025-02-26,325,Basic,29,314.1666666666667,2,"Team Members, Analytics, Custom Domain, API Access, Priority Support",14,4.9,6,-66,0.05,1528.23,2025-09-21,1,1,709.0
USER00086,robertpeterson@example.net,Carr-Macdonald,Tech,Pitcairn Islands,2025-08-21,149,Enterprise,499,2478.366666666667,6,"Priority Support, Export",241,25.6,8,94,0.89,8316.25,2025-12-17,50,0,131.2
USER00087,lauramcintyre@example.org,Blackwell Group,Healthcare,Cocos (Keeling) Islands,2025-02-27,324,Pro,99,1069.2,2,"Analytics, Priority Support, Custom Domain",491,34.3,0,-41,0.84,9392.36,2025-07-20,37,9,989.2
USER00088,gmedina@example.org,Adams Inc,Tech,Fiji,2025-12-11,37,Pro,99,122.10000000000001,1,API Access,441,25.0,6,2,0.46,292.94,2025-12-23,46,2,65.9
USER00089,michellerobbins@example.net,Ball PLC,Tech,Mauritania,2025-04-14,278,Basic,29,268.73333333333335,4,"Export, Analytics, API Access, Team Members, Custom Domain, Priority Support",166,18.9,12,28,0.36,9717.42,2025-09-08,1,4,967.0
USER00090,william00@example.com,"Clayton, Reed and Davis",Retail,Dominican Republic,2025-11-26,52,Basic,29,50.266666666666666,3,"Custom Domain, API Access",127,27.7,13,-44,0.57,4004.1,2025-11-27,1,3,419.7
USER00091,kendra24@example.com,"Romero, Alvarez and Vargas",Finance,Cayman Islands,2025-10-29,80,Enterprise,499,1330.6666666666665,2,"Export, Custom Domain",140,17.9,10,7,0.15,6992.98,2026-01-16,45,6,387.4
USER00092,samanthaarias@example.com,"Johnston, Ortiz and Martinez",Finance,Benin,2025-06-15,216,Pro,99,712.8000000000001,6,"Analytics, Team Members, Priority Support, Custom Domain, API Access, Export",227,12.0,13,50,0.86,3747.8,2025-07-31,38,8,820.8
USER00093,bmiller@example.net,"Miller, Henry and Johnson",Finance,Anguilla,2025-08-23,147,Enterprise,499,2445.1000000000004,4,"Priority Support, Custom Domain, Analytics, API Access",354,22.6,4,-87,0.14,9554.05,2025-11-06,16,8,412.1
USER00094,xthomas@example.net,Watson-Serrano,Education,Suriname,2025-11-09,69,Pro,99,227.7,2,Analytics,110,27.9,9,-37,0.05,2750.74,2025-12-01,2,10,182.6
USER00095,troywerner@example.org,"Rice, Baker and Bailey",Tech,South Africa,2025-06-06,225,Enterprise,499,3742.5,1,"Team Members, Priority Support, Analytics, API Access, Export, Custom Domain",232,2.8,3,35,0.47,4726.21,2025-11-08,14,9,941.1
USER00096,smithmichael@example.org,Taylor-Barber,Retail,Malawi,2025-04-29,263,Free,0,0.0,3,"API Access, Export, Analytics, Team Members, Custom Domain, Priority Support",282,22.6,14,-60,0.99,3326.0,2025-12-10,1,2,780.6
USER00097,susan70@example.com,Sandoval-Ferguson,Healthcare,Guinea-Bissau,2025-11-28,50,Enterprise,499,831.6666666666667,6,"Export, Custom Domain, Priority Support, Analytics",397,11.6,12,44,0.6,1776.5,2025-12-19,33,9,59.6
USER00098,hcurry@example.com,Smith-Malone,Tech,Venezuela,2025-03-29,294,Free,0,0.0,6,"Custom Domain, Export, Team Members, API Access",252,13.8,6,-53,0.43,6138.38,2026-01-11,1,2,537.4
USER00099,haysmichelle@example.net,Gates-Anderson,Tech,Mozambique,2025-11-04,74,Pro,99,244.20000000000002,2,"Export, Analytics, Priority Support, Custom Domain, Team Members",274,25.6,6,36,0.82,901.15,2025-12-31,33,10,359.6
USER00100,tyler83@example.org,"Taylor, Schmidt and Martinez",Retail,Kuwait,2025-10-17,92,Enterprise,499,1530.2666666666669,1,"Custom Domain, API Access, Team Members, Analytics, Export, Priority Support",3,6.0,14,18,0.9,6111.56,2025-10-28,13,4,363.5
USER00101,jeffrey56@example.net,Brown Ltd,Finance,Panama,2025-08-27,143,Basic,29,138.23333333333332,2,"Priority Support, Custom Domain, Export, Analytics, API Access, Team Members",170,15.1,11,-95,0.9,2498.45,2025-12-22,1,2,250.6
USER00102,moranjeremy@example.com,Newton Group,Finance,Saint Barthelemy,2025-10-16,93,Basic,29,89.9,3,"Analytics, Export, Custom Domain, API Access, Team Members, Priority Support",10,12.9,12,-64,0.08,6526.98,2025-11-09,1,3,389.3
USER00103,kim44@example.com,Roberts Ltd,Tech,Sao Tome and Principe,2025-12-13,35,Pro,99,115.50000000000001,2,"Team Members, Export, Custom Domain",304,3.8,11,-76,0.81,7542.54,2026-01-13,23,1,507.1
USER00104,jacksonjose@example.org,Robinson-Thompson,Retail,Slovakia (Slovak Republic),2025-02-15,336,Pro,99,1108.8,4,"Custom Domain, API Access, Analytics",480,32.2,10,-99,0.05,3018.3,2025-02-25,24,10,559.3
USER00105,emily46@example.net,Oneill Group,Tech,Albania,2025-12-11,37,Basic,29,35.766666666666666,1,API Access,62,17.4,11,-76,0.06,5116.75,2026-01-03,1,8,177.7
USER00106,ritakim@example.net,"Johnson, Clark and Gardner",Tech,Cayman Islands,2025-10-28,81,Free,0,0.0,2,Team Members,119,8.4,15,-61,0.31,3809.98,2025-12-26,1,2,374.7
USER00107,qguerra@example.org,Bolton and Sons,Tech,Kazakhstan,2025-08-25,145,Pro,99,478.49999999999994,1,Custom Domain,198,21.7,3,-65,0.81,8502.65,2025-12-07,36,7,27.7
USER00108,matthew01@example.net,Smith-Martinez,Retail,Korea,2025-03-18,305,Pro,99,1006.4999999999999,2,"Custom Domain, API Access, Team Members, Priority Support, Analytics, Export",183,36.7,6,-54,0.12,9714.75,2025-09-02,36,1,797.4
USER00109,campbelljason@example.org,"Avery, Jones and Davis",Retail,Mayotte,2025-08-25,145,Basic,29,140.16666666666666,3,"Export, Analytics, Priority Support, API Access",48,9.5,7,10,0.71,1604.51,2025-09-02,1,0,860.0
USER00110,annedelacruz@example.com,"Hall, Villa and Gardner",Healthcare,Mauritania,2025-06-01,230,Enterprise,499,3825.666666666667,4,"Export, Priority Support, Custom Domain, API Access, Analytics, Team Members",300,31.9,13,31,0.64,1606.77,2025-10-23,9,7,114.7
USER00111,shafferheather@example.org,"Cowan, Miranda and Gallegos",Retail,Brazil,2025-04-21,271,Pro,99,894.3,6,"Custom Domain, Analytics, Priority Support, API Access",401,30.1,10,19,0.33,3233.57,2025-12-08,5,1,650.0
USER00112,ryan46@example.net,Woods-Norman,Healthcare,Sri Lanka,2025-03-02,321,Basic,29,310.29999999999995,6,"Analytics, API Access, Priority Support",25,14.8,15,56,0.32,6572.0,2025-06-25,1,8,598.8
USER00113,qmedina@example.net,"Velasquez, Miller and Roberts",Education,Belgium,2025-04-07,285,Basic,29,275.5,1,"API Access, Team Members",178,24.3,7,-48,0.03,9825.27,2025-10-14,1,9,17.6
USER00114,henryabigail@example.org,Murphy LLC,Healthcare,Jersey,2025-11-16,62,Basic,29,59.93333333333334,4,"API Access, Custom Domain, Export, Priority Support, Team Members, Analytics",499,43.0,6,3,0.43,8669.42,2025-12-06,1,4,459.6
USER00115,kwhite@example.com,Tucker Inc,Retail,India,2025-04-03,289,Free,0,0.0,5,Team Members,370,23.5,15,-87,0.59,8961.05,2025-10-31,1,9,431.0
USER00116,veronicabrown@example.com,Sheppard-Jackson,Retail,Bosnia and Herzegovina,2025-10-14,95,Basic,29,91.83333333333333,3,API Access,148,5.1,14,52,0.67,9156.49,2025-11-03,1,9,743.8
USER00117,charles14@example.com,Snow PLC,Tech,Saint Martin,2025-04-15,277,Basic,29,267.76666666666665,3,"Priority Support, API Access, Custom Domain, Team Members, Analytics",120,5.9,13,44,0.6,5485.71,2025-10-08,1,3,897.7
USER00118,royramsey@example.com,"Davis, Russell and Jackson",Retail,Peru,2025-10-06,103,Basic,29,99.56666666666666,5,"Export, Team Members, Custom Domain, Analytics, Priority Support, API Access",140,29.8,14,89,0.63,2000.89,2025-10-27,1,8,425.1
USER00119,robinsonmary@example.com,Gray Ltd,Retail,Guinea-Bissau,2025-05-30,232,Free,0,0.0,1,"Analytics, Team Members, Export, Custom Domain",496,7.9,5,-81,0.84,8156.02,2025-10-31,1,1,433.5
