Property_ID,Address,City,State,Zip,Beds,Baths,SqFt,Lot_Size,Year_Built,Property_Type,List_Price,Price_per_SqFt,Days_on_Market,Status,HOA_Fee,Tax_Rate,Estimated_Rent,Cap_Rate,School_Rating,Walk_Score
RE0000,1269 Margaret Vista Apt. 688,Los Angeles,CA,15705,1,1,878,1765,2021,Condo,1415544,1612,158,Pending,0,1.06,6388,6.0,6,97
RE0001,624 Garcia Landing Apt. 257,New York,NY,93432,3,3,1709,9147,2009,Condo,604969,353,62,Pending,0,1.33,3293,6.0,10,43
RE0002,37102 Clinton Ford,Miami,FL,08263,4,3,2684,3362,1972,Single Family,653884,243,100,Active,0,2.4,3129,6.0,10,98
RE0003,31611 Tonya Ways,Chicago,IL,25643,1,1,828,1645,1996,Single Family,305953,369,133,Active,70,0.52,1403,6.0,5,55
RE0004,142 Blackwell Station,Los Angeles,CA,50633,4,4,2613,4201,1984,Single Family,902282,345,23,Pending,472,1.83,4534,6.0,6,2
RE0005,8690 Weber Estates Apt. 757,Los Angeles,CA,48798,4,4,2787,5495,2005,Condo,720257,258,11,Active,0,0.95,3665,6.0,8,49
RE0006,32562 Evans Summit,Houston,TX,50416,3,2,1742,3629,1977,Single Family,457317,262,89,Sold,0,0.66,2287,6.0,5,91
RE0007,727 Susan Mountain Suite 865,Houston,TX,76168,3,3,2147,8904,1963,Townhouse,469255,218,59,Active,0,0.93,2270,6.0,10,33
RE0008,618 Oneal Springs,Los Angeles,CA,55010,3,3,1643,3106,1987,Townhouse,1058346,644,15,Pending,347,0.57,4763,6.0,7,4
RE0009,9312 Lydia Street,Miami,FL,02058,1,0,570,1412,1992,Townhouse,734662,1288,73,Pending,0,1.69,3231,6.0,7,78
RE0010,53903 Hicks Tunnel,Los Angeles,CA,64340,4,4,2690,8013,2000,Townhouse,1095156,407,3,Active,8,2.44,6014,6.0,10,85
RE0011,0738 Green Skyway Suite 332,Miami,FL,40279,5,4,3005,3604,1968,Condo,677921,225,4,Sold,328,1.3,3901,6.0,5,7
RE0012,7889 Sydney Meadows,Chicago,IL,92040,3,3,1944,9480,2002,Single Family,343337,176,17,Active,121,1.58,1520,6.0,7,55
RE0013,65383 Olivia Village Apt. 515,Miami,FL,80036,5,4,3194,2437,2017,Townhouse,431992,135,107,Sold,0,1.53,2178,6.0,10,20
RE0014,27518 Jay Center Apt. 184,Los Angeles,CA,09917,2,2,1475,2044,1982,Single Family,1302768,883,84,Pending,0,1.2,5418,6.0,8,19
RE0015,514 Linda Knoll,Houston,TX,49958,2,2,1419,1453,1992,Condo,467948,329,48,Active,0,1.51,1974,6.0,6,100
RE0016,034 Bauer Square Suite 821,Phoenix,AZ,56474,2,2,1197,1075,1981,Condo,597494,499,93,Active,94,2.41,3449,6.0,4,0
RE0017,356 Amanda Circle Apt. 048,New York,NY,48090,5,4,2933,6690,2015,Townhouse,868014,295,49,Pending,0,2.21,4956,6.0,7,29
RE0018,17480 Brian Plaza Suite 580,Phoenix,AZ,25079,1,1,832,1203,1996,Townhouse,500097,601,132,Active,0,1.61,2820,6.0,8,40
RE0019,10390 Kaitlyn Cove,New York,NY,82551,3,3,1719,5637,1993,Single Family,923618,537,84,Sold,454,1.9,4071,6.0,9,28
RE0020,6395 Brandi Lock,New York,NY,57132,1,1,769,1683,1986,Condo,1137469,1479,95,Pending,319,0.75,6023,6.0,9,90
RE0021,1934 Gonzalez Ridge,New York,NY,46731,2,2,1402,1606,1996,Townhouse,1228416,876,69,Active,0,0.62,5728,6.0,10,11
RE0022,4302 Henry Burg Suite 717,Los Angeles,CA,11588,1,1,696,1608,1982,Townhouse,757905,1088,177,Sold,186,0.95,4489,6.0,4,47
RE0023,997 Thomas Mall,Los Angeles,CA,81379,2,2,1201,2233,2022,Townhouse,1083350,902,41,Pending,0,0.68,4541,6.0,6,100
RE0024,637 Phillips Passage Suite 503,Chicago,IL,03270,1,0,822,2291,1969,Single Family,470846,572,143,Pending,433,1.59,2591,6.0,8,41
RE0025,460 Hamilton Wall,Los Angeles,CA,80962,1,1,421,2168,1953,Single Family,715264,1698,162,Sold,269,0.56,2892,6.0,4,47
RE0026,37583 David Pike Apt. 442,Chicago,IL,77959,3,2,1725,8039,2019,Townhouse,284641,165,173,Active,0,2.46,1612,6.0,8,16
RE0027,0290 Mcintosh Drives,Houston,TX,71337,4,4,2689,2610,2017,Single Family,455180,169,155,Pending,185,2.29,2439,6.0,9,41
RE0028,47813 Matthew Brook Apt. 747,Chicago,IL,45766,1,1,452,2415,2017,Townhouse,267900,592,75,Active,463,2.07,1350,6.0,10,6
RE0029,70711 Cynthia Mews,Miami,FL,18067,3,2,1733,4583,1969,Single Family,454465,262,66,Pending,448,0.9,2722,6.0,9,34
RE0030,7187 Chapman Orchard Apt. 375,Phoenix,AZ,19165,3,3,2128,8041,1998,Single Family,467577,219,85,Active,420,1.21,2013,6.0,4,82
RE0031,646 Barry Freeway,Houston,TX,83824,2,1,1332,837,2023,Single Family,323146,242,152,Active,0,0.91,1560,6.0,7,19
RE0032,1279 Julia Trace,Phoenix,AZ,54611,1,1,913,2366,1978,Condo,459571,503,146,Active,426,0.51,2407,6.0,6,4
RE0033,32232 Hess Hill,Chicago,IL,35749,3,3,1661,2021,1954,Single Family,267405,160,38,Pending,240,1.31,1248,6.0,5,4
RE0034,6472 Watts Dam Apt. 747,New York,NY,07522,1,0,747,1604,1960,Single Family,1272170,1703,116,Sold,230,1.08,6757,6.0,10,89
RE0035,47263 Sandra Divide Apt. 975,New York,NY,09921,5,5,3135,2078,1952,Single Family,1182416,377,76,Sold,392,1.32,5380,6.0,10,25
RE0036,537 Decker Summit,Miami,FL,74511,4,3,2479,4656,2005,Townhouse,597117,240,51,Active,222,1.78,2946,6.0,6,50
RE0037,91724 Santiago Fall Apt. 354,Chicago,IL,02352,2,2,1416,859,2008,Townhouse,475203,335,57,Active,273,2.4,2639,6.0,4,59
RE0038,868 Melissa Locks Apt. 548,Miami,FL,48353,5,4,3237,2666,2020,Townhouse,632560,195,60,Pending,0,1.21,3539,6.0,6,69
RE0039,9159 Ortiz Hollow,Houston,TX,22792,3,3,2074,8681,1993,Condo,290631,140,93,Pending,344,1.11,1380,6.0,8,70
RE0040,222 Jackson View Suite 438,Miami,FL,24126,4,4,2454,6064,2017,Condo,638413,260,111,Active,0,1.86,2868,6.0,9,89
RE0041,507 Schultz Via,Phoenix,AZ,95549,4,3,2775,9919,1984,Condo,596001,214,134,Active,0,1.3,2666,6.0,8,84
RE0042,345 Scott Mountains,New York,NY,73916,4,3,2583,6032,1994,Single Family,836489,323,2,Pending,0,1.14,4114,6.0,9,84
RE0043,473 Hill Forge,New York,NY,20706,1,1,429,1192,2015,Condo,1073768,2502,33,Pending,0,1.14,5249,6.0,5,47
RE0044,71133 Melissa Rapid Suite 355,Phoenix,AZ,25868,1,1,444,1484,2017,Single Family,566719,1276,92,Sold,348,1.33,2827,6.0,8,30
RE0045,66423 Stephanie Run Apt. 090,Los Angeles,CA,84801,3,3,1672,4061,2007,Condo,753354,450,73,Active,47,0.59,4380,6.0,6,45
RE0046,13689 Brown Stream,Phoenix,AZ,70578,4,4,2506,2333,2012,Condo,365234,145,149,Active,167,2.01,2118,6.0,9,32
RE0047,8243 Gallagher Center,Miami,FL,08091,5,4,3098,4687,1970,Single Family,525543,169,90,Active,0,1.45,2708,6.0,9,13
RE0048,79715 Jean Shoal Suite 968,Los Angeles,CA,24867,4,4,2625,3913,1986,Single Family,1046045,398,116,Sold,0,1.49,4368,6.0,5,10
RE0049,034 Burton Point,Los Angeles,CA,99738,5,5,3350,9387,1956,Condo,1390179,414,102,Sold,0,1.14,6744,6.0,7,15
RE0050,884 Martinez Keys Apt. 003,New York,NY,39318,4,4,2729,7020,2010,Townhouse,1178569,431,100,Pending,177,1.67,5799,6.0,7,54
RE0051,106 Randy Drive Suite 187,Houston,TX,88289,3,3,1680,8184,2011,Townhouse,412529,245,177,Pending,110,0.57,2057,6.0,6,74
RE0052,334 Jon Oval,New York,NY,87348,2,2,1117,2165,1995,Townhouse,1012958,906,7,Active,56,1.29,4563,6.0,7,36
RE0053,5458 Samantha Views,New York,NY,15876,5,5,3386,5219,1994,Condo,691852,204,68,Active,0,1.01,4105,6.0,8,62
RE0054,8871 Mackenzie Views Suite 533,Chicago,IL,18418,4,3,2718,8017,1950,Single Family,260618,95,166,Sold,204,0.69,1241,6.0,4,86
RE0055,4358 Thomas Plaza,Miami,FL,47890,2,1,1420,972,2002,Condo,689590,485,77,Sold,265,1.95,4080,6.0,6,96
RE0056,73318 Gonzales Falls Apt. 939,Los Angeles,CA,67828,2,2,1402,841,1950,Single Family,1031234,735,64,Sold,0,1.11,4878,6.0,9,91
RE0057,6632 Krause Creek,Houston,TX,94174,5,4,3223,2356,1964,Condo,335628,104,60,Sold,317,2.25,1884,6.0,6,36
RE0058,30119 Allison Pine,Houston,TX,71562,2,2,1548,1221,1978,Condo,276911,178,92,Pending,128,2.39,1581,6.0,4,6
RE0059,26686 Noble Route Suite 211,Miami,FL,78296,4,4,2671,5527,1958,Condo,754850,282,84,Pending,0,1.49,4268,6.0,7,12
RE0060,3113 Finley Canyon Suite 784,Phoenix,AZ,38048,5,5,2842,3279,2021,Condo,464549,163,132,Active,144,1.98,2784,6.0,9,70
RE0061,3013 Andrew Shores Suite 174,New York,NY,70553,2,1,1270,1230,2002,Townhouse,619343,487,171,Active,387,1.63,3392,6.0,6,87
RE0062,003 Coleman Manors Suite 050,Houston,TX,46972,1,1,870,1685,1959,Townhouse,300222,345,165,Active,268,1.91,1681,6.0,5,35
RE0063,79947 Jose Meadow,Miami,FL,97154,1,1,955,1335,2001,Single Family,706609,739,42,Sold,233,1.04,4171,6.0,4,28
RE0064,91686 Richard Gardens Apt. 991,New York,NY,53612,3,3,2106,4030,1990,Single Family,924172,438,58,Sold,0,2.34,4336,6.0,6,91
RE0065,09389 Nguyen Crest Apt. 021,Phoenix,AZ,05234,1,1,763,2347,1956,Townhouse,538618,705,127,Pending,0,1.02,2718,6.0,6,93
RE0066,33751 Woods Stravenue Suite 240,New York,NY,66612,5,5,2906,3003,1967,Condo,791923,272,104,Active,194,2.26,3227,6.0,5,72
RE0067,160 Harris Radial,New York,NY,96302,4,3,2720,4571,1958,Condo,1141737,419,132,Sold,0,1.03,6345,6.0,5,56
RE0068,916 Michael Mount Apt. 325,Chicago,IL,96631,1,1,461,896,1957,Condo,277815,602,58,Pending,0,1.84,1538,6.0,5,63
RE0069,017 Weeks Expressway,Houston,TX,10984,3,3,1741,7613,2011,Condo,423593,243,116,Sold,0,2.16,2255,6.0,7,48
RE0070,26869 Buckley Flat Apt. 956,Chicago,IL,58238,2,1,1260,1347,1957,Condo,461308,366,5,Active,100,1.61,2612,6.0,5,44
RE0071,68201 Jennifer Union Apt. 718,Miami,FL,19677,3,2,1960,2023,1996,Condo,431642,220,19,Pending,320,2.48,2045,6.0,10,4
RE0072,20732 Taylor Bypass,Miami,FL,92157,3,3,1861,8428,1972,Condo,754894,405,56,Pending,345,1.63,3317,6.0,4,85
RE0073,223 Nguyen Dam,Houston,TX,77996,5,4,2800,5535,1997,Single Family,421938,150,60,Sold,0,0.69,1811,6.0,4,81
RE0074,81654 Ashley Canyon,Phoenix,AZ,05859,3,2,2035,4666,1995,Single Family,375893,184,148,Active,0,1.66,1673,6.0,6,40
RE0075,22991 Christopher Route Apt. 007,Miami,FL,35810,5,4,3133,8406,2011,Townhouse,663505,211,39,Pending,0,1.32,3023,6.0,6,20
RE0076,5006 Shane Ways,Houston,TX,59671,4,4,2305,4215,1960,Condo,258242,112,114,Active,426,2.02,1290,6.0,9,3
RE0077,448 Gardner Valley,Phoenix,AZ,75278,1,1,550,1395,1999,Townhouse,321856,585,109,Pending,237,0.76,1652,6.0,7,45
RE0078,832 Arellano Bypass Apt. 507,Phoenix,AZ,09346,5,4,3308,6302,1989,Single Family,600127,181,67,Sold,0,0.97,3134,6.0,4,21
RE0079,81077 Sutton Club Apt. 306,Chicago,IL,01661,1,0,407,1827,1990,Single Family,291490,716,74,Pending,72,1.01,1193,6.0,10,12
